Name,brand_name
Sパチスロ1000ちゃん G1,1000ちゃん
Sパチスロ1000ちゃん PX,1000ちゃん
P13日の金曜日 GLA,13日の金曜日
P13日の金曜日 MA,13日の金曜日
P13日の金曜日 ZB,13日の金曜日
S2027 LB,2027
パチスロAKB48バラの儀式 C,AKB48
PぱちんこAKB48-3 A10,AKB48
PぱちんこAKB48ワンツースリーフェスティバル L1,AKB48
パチスロAKB48勝利の女神 G,AKB48
パチスロAKB48エンジェル MA,AKB48
PAぱちんこAKB48桜LIGHTver．満開モード搭載MA5,AKB48
パチスロAKB48 P,AKB48
S ANEMONE FF,ANEMONE
S Angel Beats! XF,Angel Beats!
BAD BOYS 0A,BAD BOYS
S BANG BANG CROSS SA1,BANG BANG CROSS
BASTARD!! DG,BASTARD!!
GETだ!BILLY,BILLY
パチスロBLOOD+,BLOOD+
パチスロBLOOD+二人の女王 /XA,BLOOD+
SパチスロBOOWY SV,BOOWY
S /CCエンジェル /CA,CCエンジェル
e CYBORG 009 S7-K,CYBORG 009
P009RE:CYBORG N3-K,CYBORG 009
P CYBORG 009 S3-K,CYBORG 009
P009RE:CYBORG M4-K,CYBORG 009
P CYBORG 009 M2-V,CYBORG 009
Lパチスロ009 RE:CYBORG -NZ,CYBORG 009
P CYBORG009 VS3-K 【LT】,CYBORG009
PA CYBORG009 N-X1,CYBORG009
P CYBORG009 VS3-K,CYBORG009
P D-CLOCK1,D-CLOCK
LパチスロD4DJ KB,D4DJ
L DISCUPウルトラリミックス XR,DISCUP
EVANGELION･A,EVANGELION
L EVANGELION・未来への創造  jF,EVANGELION
P EXZEUS M-4S,EXZEUS
P FAIRY TAILこれが七炎竜の力だ FSA,FAIRY TAIL
S FAIRY TAIL XX FA,FAIRY TAIL
P FAIRY TAILこれが七炎竜の力だ FSA 【LT】,FAIRY TAIL
FAIRY TAIL FSA,FAIRY TAIL
PA FAIRY TAIL FW設定付【設定④】,FAIRY TAIL
PA FAIRY TAIL FW設定付,FAIRY TAIL
PA FAIRY TAIL FW設定付【設定③】,FAIRY TAIL
PA FAIRY TAIL FW設定付【設定②】,FAIRY TAIL
PA FAIRY TAIL FW設定付【設定⑤】,FAIRY TAIL
PA FAIRY TAIL FW設定付【設定⑥】,FAIRY TAIL
PA FAIRY TAIL2 JWA,FAIRY TAIL
P FAIRY TAIL2 JQD,FAIRY TAIL
P FAIRY TAIL2 JHD,FAIRY TAIL
ゼンFF,FF
G-SPIN,G-SPIN
P G1DREAM ROAD-MH,G1DREAM ROAD
PA G1DREAM駿 NU,G1DREAM駿
S G1フェアリーグランプリ KP,G1フェアリーグランプリ
PぱちんこGANTZ2 RM6,GANTZ
パチスロ超GANTZ /SA,GANTZ
PぱちんこGANTZ2 AT2,GANTZ
PぱちんこGANTZ覚醒Sweet2000 M2,GANTZ
PぱちんこGANTZ極 M3,GANTZ
PぱちんこGANTZ覚醒 MJ4,GANTZ
SパチスロGANTZ FT,GANTZ
PぱちんこGANTZ3 M3,GANTZ
P STEINS;GATE0 L2-K 【LT】,GATE
S/ STEINS;GATE /TG,GATE
P STEINS;GATE0 L2-K,GATE
GATE /ND,GATE
P GO!GO!マリン3000 HCD,GO!GO!マリン
P GO!GO!マリン3 JTD,GO!GO!マリン
P GO!GO!郷～革命の5～ M4-VLT,GO!GO!郷
P GO!GO!郷 M3-X,GO!GO!郷
PA GO!GO!郷 N-X,GO!GO!郷
P GO!GO!郷～豪遊の5～ N-VYLT 【LT】,GO!GO!郷
P GO!GO!郷～豪遊の5～ N-VYLT,GO!GO!郷
P GO!GO!郷～革命の5～ M4-VLT 【LT】,GO!GO!郷
P GOGOピラミッド危機一発4500,GOGOピラミッド危機一発
GTO～Limited Break～R,GTO
S GUNDAM X-OVER A,GUNDAM
GirlsGunsGroovy-V,GirlsGunsGroovy
P Gunslinger Stratos THE ANIMATION L01,Gunslinger Stratos THE ANIMATION
P Gunslinger Stratos THE ANIMATION A02【設定④】,Gunslinger Stratos THE ANIMATION
P Gunslinger Stratos THE ANIMATION A02【設定②】,Gunslinger Stratos THE ANIMATION
P Gunslinger Stratos THE ANIMATION A02【設定③】,Gunslinger Stratos THE ANIMATION
P Gunslinger Stratos THE ANIMATION A02,Gunslinger Stratos THE ANIMATION
P Gunslinger Stratos THE ANIMATION A02【設定⑥】,Gunslinger Stratos THE ANIMATION
P Gunslinger Stratos THE ANIMATION A02【設定⑤】,Gunslinger Stratos THE ANIMATION
P GⅠ優駿倶楽部 MU,GⅠ優駿倶楽部
P GⅠ優駿倶楽部2 MR,GⅠ優駿倶楽部
GⅠ優駿倶楽部 /KD,GⅠ優駿倶楽部
S GⅠ優駿倶楽部2 KB,GⅠ優駿倶楽部
S GⅠ優駿倶楽部3 PK,GⅠ優駿倶楽部
P GⅠ優駿倶楽部 AU,GⅠ優駿倶楽部
P GⅠ優駿倶楽部2 HT 【LT】,GⅠ優駿倶楽部
L GⅠ優駿倶楽部黄金 KD,GⅠ優駿倶楽部
P GⅠ優駿倶楽部2 HT,GⅠ優駿倶楽部
H.O.T.D＿BB,H.O.T.D
P J-RUSH RSJ-S,J-RUSH
P J-RUSH HSJ-S,J-RUSH
JACKASS TEAM A7,JACKASS TEAM
P JAWS再臨 L1BU2S【設定②】,JAWS
パチスロJAWS /J5,JAWS
P JAWS3 L1YU1Y,JAWS
P JAWS再臨 L1BU2S,JAWS
P JAWS再臨 L1BU2S【設定⑥】,JAWS
P JAWS再臨 L1BU2S【設定⑤】,JAWS
P JAWS3 H1AZ5Y,JAWS
P JAWS再臨 L1BU2S【設定③】,JAWS
P JAWS再臨 L1BU2S【設定④】,JAWS
KOF3D,KOF
I am KONISIKI（アイアムコニシキX）,KONISIKI
S MHW アイスボーン ZF,MHW アイスボーン
S MHW 黄金狩猟 ZC,MHW 黄金狩猟
P LT OVERLORD魔導光臨 ARC,OVERLORD
S/ OVERLORD 絶対支配者光臨Ⅱ /SX,OVERLORD
P LT OVERLORD魔導王光臨 ARC 【LT】,OVERLORD
P LT OVERPACHINKO -ME 【LT】,OVERPACHINKO
P LT OVERPACHINKO -ME,OVERPACHINKO
S SLOT PSO2 MB,PSO2
S PYRAMID EYE A2,PYRAMID EYE
Persona4 The SLOT-Y,Persona4
PiaキャロットへようこそGO,Piaキャロットへようこそ
PフィーバーR-18 YG【設定⑤】,R-18
PフィーバーR-18 YG【設定②】,R-18
PフィーバーR-18 YG【設定⑥】,R-18
PフィーバーR-18 YG【設定③】,R-18
PフィーバーR-18 YG,R-18
PフィーバーR-18 YG【設定④】,R-18
パチスロRAVE FSG,RAVE
eRAVE 覚聖ループ JMC,RAVE
REVO,REVO
S RK1 WCC編 YB,RK1
S RYUKYU Beat-30 FR,RYUKYU Beat
e Re:ゼロから始める異世界生活 season2 M13,Re:ゼロから始める異世界生活
P Re:ゼロから始める異世界生活 M06,Re:ゼロから始める異世界生活
L Re:ゼロから始める異世界生活 season2 PA5,Re:ゼロから始める異世界生活
S Re:ゼロから始める異世界生活 A6,Re:ゼロから始める異世界生活
P Re:ゼロから始める異世界生活 鬼がかりver. M08,Re:ゼロから始める異世界生活
S Re:ゼロから始める異世界生活 ApexV A6,Re:ゼロから始める異世界生活
P Rewrite FB【設定④】,Rewrite
P Rewrite GLA【設定③】,Rewrite
P Rewrite FB【設定③】,Rewrite
P Rewrite FB【設定⑥】,Rewrite
P Rewrite FB【設定②】,Rewrite
P Rewrite FA【設定③】,Rewrite
P Rewrite FA【設定⑥】,Rewrite
P Rewrite FA【設定⑤】,Rewrite
P Rewrite FA【設定④】,Rewrite
P Rewrite GLA【設定⑥】,Rewrite
P Rewrite FA,Rewrite
P Rewrite GLA,Rewrite
P Rewrite GLA【設定④】,Rewrite
P Rewrite FB,Rewrite
P Rewrite FB【設定⑤】,Rewrite
P Rewrite GLA【設定⑤】,Rewrite
P Rewrite FA【設定②】,Rewrite
P Rewrite GLA【設定②】,Rewrite
Rio2 プレミアム（リオ2プレミアム）,Rio
SHAKEⅢ SIDE-A /A7,SHAKEⅢ
L / SHAMANKING /SS,SHAMANKING
P STRAIGHT SEVEN DX-H【設定⑥】,STRAIGHT SEVEN
P STRAIGHT SEVEN DX-H,STRAIGHT SEVEN
P STRAIGHT SEVEN LSJ-H【設定⑥】,STRAIGHT SEVEN
P STRAIGHT SEVEN DX-H【設定⑤】,STRAIGHT SEVEN
P STRAIGHT SEVEN LSJ-H【設定②】,STRAIGHT SEVEN
P STRAIGHT SEVEN DX-H【設定④】,STRAIGHT SEVEN
P STRAIGHT SEVEN DX-H【設定②】,STRAIGHT SEVEN
P STRAIGHT SEVEN LSJ-H,STRAIGHT SEVEN
P STRAIGHT SEVEN LSJ-H【設定③】,STRAIGHT SEVEN
P STRAIGHT SEVEN DX-H【設定③】,STRAIGHT SEVEN
P STRAIGHT SEVEN LSJ-H【設定④】,STRAIGHT SEVEN
P STRAIGHT SEVEN LSJ-H【設定⑤】,STRAIGHT SEVEN
トゥハート2,ToHeart2
P ToLOVEるダークネス L9YZ4 【LT】,ToLOVEるダークネス
P ToLOVEるダークネス L9YZ4,ToLOVEるダークネス
P ToLOVEるダークネス H1YZ5,ToLOVEるダークネス
L ToLOVEるダークネス S6,ToLOVEるダークネス
e ULTRAMAN -K1,ULTRAMAN
e ULTRAMAN -K1 【LT】,ULTRAMAN
P V王 GLC【設定⑤】,V王
P V王 GLC【設定③】,V王
P V王 MC,V王
P V王 GLC【設定②】,V王
P V王 GLC,V王
P V王 GLC【設定④】,V王
P V王 XA,V王
P V王 GLC【設定⑥】,V王
"S Wake Up, Girls! NC","Wake Up, Girls!"
パチスロ X JAPAN･強行突破,X JAPAN
ZETMAN-X,ZETMAN
ああっ女神さまっWT,ああっ女神さまっ
Sあかばなぁ /AA,あかばなぁ
パチスロあしたのジョー,あしたのジョー
パチスロあしたのジョー2 ZS,あしたのジョー
Pあっぱれ！夏物語 V1E,あっぱれ！夏物語
Pデジハネあのはな GSC【設定⑤】,あのはな
Pデジハネあのはな GSC【設定④】,あのはな
Pデジハネあのはな GSC【設定⑥】,あのはな
Pデジハネあのはな GSC【設定②】,あのはな
Pあのはな SLJA【設定②】,あのはな
Pあのはな SLJA【設定④】,あのはな
Pあのはな SLJA【設定⑥】,あのはな
Pデジハネあのはな GSC,あのはな
Pあのはな SLJA,あのはな
Pデジハネあのはな GSC【設定③】,あのはな
Pあのはな SLJA【設定⑤】,あのはな
サマーあの夏のチケットの行方ジャンボ AA,あの夏のチケットの行方
Pあのはな SLJA【設定③】,あの日見た花の名前を僕達はまだ知らない。
Sあのはな ZM,あの日見た花の名前を僕達はまだ知らない。
Pあぶない刑事 N-Z YT350,あぶない刑事
Pあぶない刑事 M4-Z YT900,あぶない刑事
Pもっとあぶない刑事 L3-MX,あぶない刑事
Pフィーバーありふれた職業で世界最強 R,ありふれた職業で世界最強
Lありふれた職業で世界最強 jA,ありふれた職業で世界最強
Pフィーバーありふれた職業で世界最強 YR,ありふれた職業で世界最強
Pいくさの子 GFPF,いくさの子
Sいろはに愛姫 PA5,いろはに愛姫
Sパチスロうしおととら雷槍一閃 JH,うしおととら
Pうしおととら2 FM-JH,うしおととら
Pうまい棒4500から10500 V1,うまい棒
Sうまい棒 M7,うまい棒
パチスロうみねこのなく頃にHX,うみねこのなく頃に
Pうる星やつら2 L2-K 【LT】,うる星やつら
パチスロ うる星やつら3 ZA,うる星やつら
Pうる星やつら M3-K,うる星やつら
Pうる星やつら2 L2-K,うる星やつら
Lパチスロうる星やつら EV,うる星やつら
PAうる星やつら N-K,うる星やつら
S /えとたま /EM,えとたま
Pえとたま2 MY,えとたま
Pえとたま2 MF,えとたま
Pえとたま2 MY 【LT】,えとたま
パチスロおそ松くん S,おそ松くん
Pおそ松さんのゴールデンロード！625 NT-JS,おそ松さん
パチスロおそ松さん,おそ松さん
PAハネモノ怪盗おそ松さん HC-R,おそ松さん
Sパチスロおそ松さん,おそ松さん
Pポチッと一発おだてブタ2 V1,おだてブタ
おとめ妖怪ざくろ KD,おとめ妖怪ざくろ
Pおばけらんど2022 GCC,おばけらんど
Pおばけらんど怪 GL,おばけらんど
Pおばけらんど怪 ZBS,おばけらんど
Pおばけらんど怪 XA,おばけらんど
Pおばけらんど怪 ZA,おばけらんど
Pおばけらんど怪 GLS,おばけらんど
極お父さん～舞い降りた天使???～,お父さん
Pフィーバーかぐや様は告らせたい R,かぐや様は告らせたい
PAフィーバーかぐや様は告らせたい YG,かぐや様は告らせたい
Lかぐや様は告らせたい jA,かぐや様は告らせたい
Sパチスロかまいたちの夜 SX,かまいたちの夜
Pフィーバーからくりサーカス2 T,からくりサーカス
Pフィーバーからくりサーカス V,からくりサーカス
eフィーバーからくりサーカス2 R,からくりサーカス
eフィーバーからくりサーカス2 R 【LT】,からくりサーカス
Lからくりサーカス G,からくりサーカス
Pフィーバーからくりサーカス Y,からくりサーカス
がんばれゴエモン 2Ｅ,がんばれゴエモン
Sけものフレンズ FS,けものフレンズ
L A-SLOT＋このすば FX,このすば
Pこの素晴らしい世界に祝福を！ LT3 【LT】,この素晴らしい世界に祝福を！
Pこの素晴らしい世界に祝福を！  LT3,この素晴らしい世界に祝福を！
Sこの素晴らしい世界に祝福を！ ZR,この素晴らしい世界に祝福を！
PAこの素晴らしい世界に祝福を！ VM1,この素晴らしい世界に祝福を！
これはゾンビですか /KA,これはゾンビですか
PAさくらももこ劇場コジコジ2 N2-K4,さくらももこ劇場コジコジ
PAさくらももこ劇場コジコジ2 N2-K4【設定②】,さくらももこ劇場コジコジ
PAさくらももこ劇場コジコジ2 N2-K【設定⑤】,さくらももこ劇場コジコジ
PAさくらももこ劇場コジコジ2 N2-K【設定④】,さくらももこ劇場コジコジ
PAさくらももこ劇場コジコジ2 N2-K【設定②】,さくらももこ劇場コジコジ
PAさくらももこ劇場コジコジ2 N2-K【設定⑥】,さくらももこ劇場コジコジ
PAさくらももこ劇場コジコジ2 N2-K4【設定③】,さくらももこ劇場コジコジ
PAさくらももこ劇場コジコジ2 N2-K4【設定④】,さくらももこ劇場コジコジ
PAさくらももこ劇場コジコジ2 N2-K,さくらももこ劇場コジコジ
PAさくらももこ劇場コジコジ2 N2-K【設定③】,さくらももこ劇場コジコジ
ささみさん@がんばらないすろっとDA,ささみさん@がんばらない
しすくえ /HC,しすくえ
Pすしざんまい極上 S3C,すしざんまい
Pすしざんまい極上 W2A,すしざんまい
パチスロそらのおとしものフォルテ /DX,そらのおとしものフォルテ
それいけ！こすみっくヒーローズE,それいけ！こすみっくヒーローズ
Pだるまっしゅ2 M7-KC,だるまっしゅ
Pだるまっしゅ2 N-KC,だるまっしゅ
Sちゅらちゅら /G,ちゅらちゅら
SATちゅら沖S,ちゅら沖
Lとある科学の一方通行 RZ,とある科学の一方通行
Pとある科学の超電磁砲 最強御坂Ver RVZ,とある科学の超電磁砲
Pとある科学の超電磁砲 FSB,とある科学の超電磁砲
Sとある科学の超電磁砲 FB,とある科学の超電磁砲
Pとある科学の超電磁砲2 JMB,とある科学の超電磁砲
Pとある魔術の禁書目録2 Light JWX,とある魔術の禁書目録
Pとある魔術の禁書目録 JUA,とある魔術の禁書目録
Pとある魔術の禁書目録 Light JRB,とある魔術の禁書目録
Lとある魔術の禁書目録 JC,とある魔術の禁書目録
Pとある魔術の禁書目録2 JMZ,とある魔術の禁書目録
Pとある魔術の禁書目録2 Light JWX 【LT】,とある魔術の禁書目録
ときめきメモリアル U,ときめきメモリアル
Pどないやねん FYC,どないやねん
なでしこ侍ーB,なでしこ侍
Pにこパチ豆MNK,にこパチ豆
Pにこパチ豆MNK【設定④】,にこパチ豆
Pにこパチ豆BNK【設定⑥】,にこパチ豆
Pにこパチ豆BNK【設定③】,にこパチ豆
Pにこパチ豆BNK,にこパチ豆
Pにこパチ豆MNK【設定②】,にこパチ豆
Pにこパチ豆BNK【設定⑤】,にこパチ豆
Pにこパチ豆MNK【設定⑤】,にこパチ豆
Pにこパチ豆MNK【設定③】,にこパチ豆
Pにこパチ豆BNK【設定②】,にこパチ豆
Pにこパチ豆MNK【設定⑥】,にこパチ豆
Pにこパチ豆BNK【設定④】,にこパチ豆
Lパチスロにゃんこ大戦争 MK,にゃんこ大戦争
Pにゃんこ大戦争～多様性のネコ～ M4,にゃんこ大戦争
Lにゃんこ大戦争・超神速 KB,にゃんこ大戦争
Pにゃんこ大戦争～多様性のネコ～ M4 【LT】,にゃんこ大戦争
Pはぐれ刑事純情派 L6-XY,はぐれ刑事純情派
Pひぐらしのなく頃に～蕾～ FH-T,ひぐらしのなく頃に
Lパチスロひぐらしのなく頃に業 SS,ひぐらしのなく頃に
Sひぐらしのなく頃に祭2 カケラ遊び編 L5,ひぐらしのなく頃に
Pひぐらしのなく頃に～瞬～ AM-S,ひぐらしのなく頃に
PAひぐらしのなく頃に～囁～ AD-FR,ひぐらしのなく頃に
Pひぐらしのなく頃に～廻～ AG-S,ひぐらしのなく頃に
Sパチスロひぐらしのなく頃に祭2 PX,ひぐらしのなく頃に
Pひぐらしのなく頃に～憩～ AZ,ひぐらしのなく頃に
パチスロひぐらしのなく頃に祭,ひぐらしのなく頃に
パチスロひぐらしのなく頃に絆S,ひぐらしのなく頃に
Pひぐらしのなく頃に～彩～ FM-N,ひぐらしのなく頃に
Pひぐらしのなく頃に～廻～ AM,ひぐらしのなく頃に
Pひぐらしのなく頃に・輪廻転生 FM-JT,ひぐらしのなく頃に
パチスロ ひぐらしのなく頃に煌WX,ひぐらしのなく頃に
Pほのかとクールポコと、ときどき武藤敬司 Y3F【設定⑤】,ほのかとクールポコと、ときどき武藤敬司
Pほのかとクールポコと、ときどき武藤敬司 Y3F【設定④】,ほのかとクールポコと、ときどき武藤敬司
Pほのかとクールポコと、ときどき武藤敬司 Y3F【設定③】,ほのかとクールポコと、ときどき武藤敬司
Pほのかとクールポコと、ときどき武藤敬司 Y3F【設定②】,ほのかとクールポコと、ときどき武藤敬司
Pほのかとクールポコと、ときどき武藤敬司 Y3F,ほのかとクールポコと、ときどき武藤敬司
Pほのかとクールポコと、ときどき武藤敬司 Y3F【設定⑥】,ほのかとクールポコと、ときどき武藤敬司
まじかる☆タルるートくん Z,まじかる☆タルるートくん
まじかるすいーとプリズム・ナナエース DE,まじかるすいーとプリズム・ナナ
まじかるすいーとプリズム･ナナ SF,まじかるすいーとプリズム･ナナ
まつりば！ /A5,まつりば
Sまほいく NB,まほいく
Sみうスロ M1,みうスロ
みどりのマキバオー,みどりのマキバオー
みどりのマキバオー2 E2,みどりのマキバオー
めぞん一刻夏色の風と／A,めぞん一刻
めぞん一刻 桜の下で N/F4,めぞん一刻
Pめぞん一刻5 H1YX1,めぞん一刻
Pめぞん一刻5 H1YX6,めぞん一刻
やじきた道中記乙 MD,やじきた道中記
Pやじきた道中記 SB,やじきた道中記
Pやじきた道中記 MM,やじきた道中記
ゆるせぽね DY,ゆるせぽね
パチスロ らんま1/2S,らんま1/2
Pらんま1/2 V3A,らんま1/2
パチスロらんま1/2 W,らんま1/2
Pらんま1/2 V1A,らんま1/2
ろくでなしBLUES,ろくでなしBLUES
PAわんわんセレブレーション AGBD,わんわんセレブレーション
PAわんわんパラダイスV -GBA,わんわんパラダイス
Pわんニャンアドベンチャー HCB,わんニャンアドベンチャー
Pわんニャンアドベンチャー HBF,わんニャンアドベンチャー
Sアイドルマスター G,アイドルマスター
Pフィーバーアイドルマスター 39フェス,アイドルマスター
アイドルマスターライブインスロットZ,アイドルマスター
PAフィーバーアイドルマスター Y,アイドルマスター
Pフィーバーアイドルマスター G,アイドルマスター
Sアオハル♪操 A-LIVE A2,アオハル♪操
SLOTアカギ /DA,アカギ
S ATアカメが斬る! K,アカメが斬る!
Lアカメが斬る！2 TN,アカメが斬る！
アステカ太陽の紋章AE,アステカ太陽の紋章
アスラズラース ZS,アスラズラース
Pアズールレーン THE ANIMATION～異次元トリガー199～ M4 【LT】,アズールレーン THE ANIMATION
Pアズールレーン THE ANIMATION～異次元トリガー199～ M4,アズールレーン THE ANIMATION
Pぱちんこアズールレーン THE ANIMATION MC2,アズールレーン THE ANIMATION
パチスロアタックNO.1世界編 KJ,アタックNO.1
Pアナザーゴッドハーデス3 MC,アナザーゴッドハーデス
アナザーゴッドハーデス冥王 /GL,アナザーゴッドハーデス
Pアナザーゴッドハーデス2 SC,アナザーゴッドハーデス
S /アナザーゴッドハーデス /SL,アナザーゴッドハーデス
Pアナザーゴッドハーデス2 ME,アナザーゴッドハーデス
アナザーゴッドハーデス-X,アナザーゴッドハーデス
アナザーゴッドポセイドン WP,アナザーゴッドポセイドン
Pアナザーゴッドポセイドン MH,アナザーゴッドポセイドン
S/ アナターのオット!?はーです /BR,アナターのオット!?はーです
PAアニマルマンション GO【PB機】,アニマルマンション
PAアニマルマンション GO 【PB】,アニマルマンション
Sアバサー M1,アバサー
Sアバサー A1-30,アバサー
アベノ橋魔法☆商店街,アベノ橋魔法☆商店街
パチスロアベンジャーズ KB,アベンジャーズ
Sアメリカン番長 HEY!鏡 B2,アメリカン番長 HEY!鏡
アラジンAⅡ ZS,アラジン
Sアラジンクラシック KF,アラジン
S／アルドノア・ゼロ／NL,アルドノア・ゼロ
アレジン FSF,アレジン
Pアレジン プレミアム FMG,アレジン
アレックス AE,アレックス
S闘魂継承アントニオ猪木 L3,アントニオ猪木
アントニオ猪木が元気にするパチスロ機,アントニオ猪木
アントニオ猪木が伝説にするパチスロ機P,アントニオ猪木
イノキロードトゥゴッドMG,イノキロードトゥゴッド
イミソーレ2R,イミソーレ
パチスロ IS インフィニット・ストラトス,インフィニット・ストラトス
パチスロイースⅠ&Ⅱ /XX,イース
パチスロウィザードバリスターズ /MX,ウィザードバリスターズ
パチスロウィッチクラフトワークス /DA,ウィッチクラフトワークス
ウィッチマスター /FF,ウィッチマスター
PAウイニングボール CP1F,ウイニングボール
ウイングマン,ウイングマン
Pぱちんこウルトラ6兄弟 K3,ウルトラ6兄弟
PAぱちんこウルトラ6兄弟 A5,ウルトラ6兄弟
PAぱちんこウルトラセブン2 A6【設定④】,ウルトラセブン
PAぱちんこウルトラセブン2 A6【設定⑤】,ウルトラセブン
PAぱちんこウルトラセブン2 A6【設定⑥】,ウルトラセブン
パチスロ「ウルトラセブン」,ウルトラセブン
Pぱちんこウルトラセブン超乱舞 K4,ウルトラセブン
PAぱちんこウルトラセブン2 A6【設定③】,ウルトラセブン
PAぱちんこウルトラセブン2 A6,ウルトラセブン
PAぱちんこウルトラセブン2 A6【設定②】,ウルトラセブン
パチスロウルトラセブン KC,ウルトラセブン
Pぱちんこウルトラマンタロウ2超決戦LIGHTver KA3,ウルトラマン
Pぱちんこウルトラマンティガ KACJ1,ウルトラマン
Pぱちんこウルトラマンティガ K17,ウルトラマン
パチスロウルトラマン M,ウルトラマン
Lパチスロウルトラマンティガ KA,ウルトラマン
パチスロウルトラマン T（パチスロバルタン星人）,ウルトラマン
Pぱちんこウルトラマンタロウ2 K6,ウルトラマン
Sパチスロウルトラマンタロウ MG,ウルトラマン
ウルトラマンウォーズH,ウルトラマン
エイリヤンエボリューション /XR,エイリヤンエボリューション
パチスロ エイリヤンビギンズ,エイリヤンビギンズ
Pエウレカセブンハイエボ2 SFPA,エウレカセブン
Sエウレカセブン3 HIEVO ZR,エウレカセブン
Lエウレカセブン4 HIEVO KX,エウレカセブン
エウレカセブン2 ZZ,エウレカセブン
SエウレカセブンHIEVO XS,エウレカセブン
PエウレカセブンハイエボゼロSEJD,エウレカセブン
PAデジハネエウレカセブンハイエボゼロ SSJD,エウレカセブン
Pデジハネエウレカセブンハイエボ2 SSPB,エウレカセブン
エウレカセブンAO /XS,エウレカセブン
Pデジハネエウレカセブンハイエボ2 SSPB 【LT】,エウレカセブン
エルインカ黄金文明 /KK,エルインカ黄金文明
エージェント･クライシス,エージェント･クライシス
スーパーオアシス/DX,オアシス
クイーンオアシス DX,オアシス
オアシスデイズ /DX,オアシス
サンサンオアシスキュイーンVer.,オアシス
オアシス A,オアシス
オキフェスDX-30,オキフェス
モットオキフェス /DX-30,オキフェス
Sオキワニマル BA,オキワニマル
Sオキワニマル AA‐30,オキワニマル
オスバンチョウ2Q,オスバンチョウ
Sオニハマ4 VSH3,オニハマ
Sオニハマ4 H2,オニハマ
オニハマバクソウグレンタイ3 S,オニハマ
オニハマアイ /L7,オニハマ
Sオリスロ2 AA,オリスロ
オリスロ AA,オリスロ
Sオリスロ3 AA,オリスロ
Sパチスロオーバーロード YX,オーバーロード
P弾球黙示録カイジ5 N3A,カイジ
P弾球黙示録カイジ沼5 V3B,カイジ
P弾球黙示録カイジ５ N2A,カイジ
P弾球黙示録カイジ4 R3A【設定B】,カイジ
P弾球黙示録カイジ4 R3A,カイジ
P弾球黙示録カイジ4 R3A【設定A】,カイジ
P弾球黙示録カイジ5 V1B,カイジ
Pカイジ鉄骨渡り勝負編 V1B,カイジ
カイジ4 /ZS,カイジ
カイジ3 S,カイジ
P弾球黙示録カイジ5 V1A,カイジ
パチスロカウボーイビバップ C1,カウボーイビバップ
Pカナカナ2with桃乃木かな,カナカナ
カメレオン R,カメレオン
カンフーレディドラゴン /GG,カンフーレディ
カンフーレディEVO/XX,カンフーレディ
PAデジハネガオガオキング3 SWQA,ガオガオキング
Pガオガオキング3 EWA,ガオガオキング
P保4のガチャバスター U,ガチャバスター
P真速のガッチャマン XINN,ガッチャマン
科学忍者隊ガッチャマン GR,ガッチャマン
ガメラ ZS,ガメラ
Sガメラ2 XR,ガメラ
Sパチスロガメラ KH,ガメラ
Pガラスの仮面 M-K1,ガラスの仮面
PAガラスの仮面 N-K1,ガラスの仮面
Pガラスの仮面 ML-K1,ガラスの仮面
パチスロガレイゼロC,ガレイゼロ
ガロウデンセツプレミアムBB,ガロウデンセツ
ガンソードDT,ガンソード
Lガールズ&パンツァ―最終章 H1,ガールズ&パンツァ―最終章
パチスロガールズ＆パンツァーC3,ガールズ＆パンツァー
Sガールズ＆パンツァー劇場版 H4,ガールズ＆パンツァー
Pガールズ＆パンツァ―2 8YQ1Y,ガールズ＆パンツァー
Sガールズ＆パンツァーG /LA1,ガールズ＆パンツァー
Pガールズ＆パンツァー2 L9YU3Y,ガールズ＆パンツァー
パチスロガールフレンド（仮） /G4,ガールフレンド（仮）
PAガールフレンド（仮） N-K YT299,ガールフレンド（仮）
Pガールフレンド（仮）M2-K YT500,ガールフレンド（仮）
キャッツアイ～恋ふたたび～Ａ,キャッツアイ
Pキャッツアイ2 L2BZ1SA【設定⑥】,キャッツアイ
Sキャッツアイ H6,キャッツアイ
キャッツアイーコレクション奪還作戦A2,キャッツアイ
eキャッツアイ3 H4YZ3,キャッツアイ
Pキャッツアイ2 L2BZ1SA【設定④】,キャッツアイ
Pキャッツアイ2 L2BZ1SA,キャッツアイ
キャプテンハーロック,キャプテンハーロック
Pキャプテン翼若林99Ver REY2,キャプテン翼
Pキャプテン翼2020 NL,キャプテン翼
Pキャプテン翼 石崎バージョン SAY2,キャプテン翼
Pキャプテン翼若林Ver RVY3,キャプテン翼
PAキャプテン翼雷獣バージョン RAY【設定④】,キャプテン翼
PAキャプテン翼雷獣バージョン RAY,キャプテン翼
PAキャプテン翼雷獣バージョン RAY【設定③】,キャプテン翼
PAキャプテン翼雷獣バージョン RAY【設定⑤】,キャプテン翼
PAキャプテン翼雷獣バージョン RAY【設定②】,キャプテン翼
PAキャプテン翼雷獣バージョン RAY【設定⑥】,キャプテン翼
キュロゴス2 E,キュロゴス
キューピーCX,キューピー
eキョンシー M5-VC,キョンシー
Pキレパンダ N1E,キレパンダ
Pキレパンダ S2A,キレパンダ
Sキングオブジャック J1,キングオブジャック
Sキングクリエーター SK-30,キングクリエーター
キングジャックGK,キングジャック
パチスロキンニクマン3 /CC,キンニクマン
Lパチスロキンニクマン4 SLDC,キンニクマン
パチスロキンニクマン2 S-D,キンニクマン
Sキンノカボチャ AA,キンノカボチャ
PAぱちんこキン肉マン3 特盛ミートバージョン MJ1,キン肉マン
Pぱちんこキン肉マン3 M7,キン肉マン
Pぱちんこキン肉マン3 M21,キン肉マン
Sギャグラー KB,ギャグラー
S/ギャラガ/DB,ギャラガ
ギルティギアヴァステッジ XT,ギルティギア
Pギルティクラウン2 SB 【LT】,ギルティクラウン
SLOTギルティクラウン UC,ギルティクラウン
Pギルティクラウン2 ME,ギルティクラウン
Pギルティクラウン2 SB,ギルティクラウン
PA元祖ギンギラパラダイス HBC,ギンギラパラダイス
P元祖ギンギラパラダイス HCB,ギンギラパラダイス
PAギンパラ夢幻カーニバル HBA,ギンパラ夢幻カーニバル
Pギンパラ夢幻カーニバル HCA,ギンパラ夢幻カーニバル
Pギンパラ夢幻カーニバル HTK,ギンパラ夢幻カーニバル
クイーンジャックネオ /Q1,クイーンジャックネオ
Pクイーンズブレイド美闘士カーニバル S3B【設定B】,クイーンズブレイド
Pクイーンズブレイド3 S1G【設定③】,クイーンズブレイド
Pクイーンズブレイド3 S1G【設定②】,クイーンズブレイド
クイーンズブレイドGC,クイーンズブレイド
Pクイーンズブレイド4 V1A,クイーンズブレイド
クイーンズブレイド R2,クイーンズブレイド
クイーンズブレイド GB,クイーンズブレイド
Pクイーンズブレイド3 S1E,クイーンズブレイド
Pクイーンズブレイド3 S1G,クイーンズブレイド
Pクイーンズブレイド4 V1D,クイーンズブレイド
Pクイーンズブレイド美闘士カーニバル S3B【設定A】,クイーンズブレイド
Pクイーンズブレイド美闘士カーニバル S3B,クイーンズブレイド
パチスロクジラッキー KF,クジラッキー
クランキーセレブレーションCE,クランキー
クランキーコレクション CL,クランキー
S／クランキークレスト／CR,クランキー
クレナイザクラ /A7,クレナイザクラ
クロスバレット,クロスバレット
クロノス /C1,クロノス
グラップラー刃牙～最大トーナメント編～ Y,グラップラー刃牙
パチスログラップラー刃牙 N,グラップラー刃牙
グラディウス ザ･スロット,グラディウス
Sグランベルム ZXZ,グランベルム
eグリッドマン XVSM,グリッドマン
グレート69 /AA,グレート69
パチスロ「ケロット2」,ケロット
ケロット3 EE,ケロット
パチスロ「ケロット」～スウィートVer～,ケロット
Sケロット4 CC,ケロット
ケロルンCC,ケロルン
Pケロロ軍曹 GLA,ケロロ軍曹
ケロロ軍曹 /A2,ケロロ軍曹
Lケンガンアシュラ ND,ケンガンアシュラ
ケータイ少女 S,ケータイ少女
eゲゲゲの鬼太郎 獅子奮迅SP JHZ,ゲゲゲの鬼太郎
Pゲゲゲの鬼太郎 獅子奮迅 RRZ,ゲゲゲの鬼太郎
Pゲゲゲの鬼太郎 獅子奮迅 99Ver. RWC,ゲゲゲの鬼太郎
Pゲゲゲの鬼太郎 獅子奮迅 99Ver. RWC 【LT】,ゲゲゲの鬼太郎
Lゲゲゲの鬼太郎 覚醒 JC,ゲゲゲの鬼太郎
ゲゲゲノキタロウ FSF,ゲゲゲノキタロウ
ゲッターマウス DG,ゲッターマウス
S/ ニューゲッターマウス /CG,ゲッターマウス
Sパチスロゲッターロボ KB,ゲッターロボ
コウヘイ最凶伝,コウヘイ最凶伝
コクッチーブラック,コクッチー
コクッチー,コクッチー
ココナナ,ココナナ
パチスロコブラAB,コブラ
PAコマコマ倶楽部with坂本冬美VV1【PB機】,コマコマ倶楽部
PAコマコマ倶楽部with坂本冬美 V1,コマコマ倶楽部
PAコマコマ倶楽部＠エイジセレクト Y2F【設定③】,コマコマ倶楽部
PAコマコマ倶楽部＠エイジセレクト Y2F【設定⑤】,コマコマ倶楽部
PAコマコマ倶楽部＠エイジセレクト Y2F,コマコマ倶楽部
PAコマコマ倶楽部with坂本冬美LOOP 1,コマコマ倶楽部
PAコマコマ倶楽部＠エイジセレクト Y2F【設定②】,コマコマ倶楽部
PAコマコマ倶楽部＠エイジセレクト Y2F【設定⑥】,コマコマ倶楽部
PAコマコマ倶楽部with坂本冬美VV1 【PB】,コマコマ倶楽部
PAコマコマ倶楽部＠エイジセレクト Y2F【設定④】,コマコマ倶楽部
Pコマコマ倶楽部with坂本冬美 L3,コマコマ倶楽部
コンチネンタルゼロ ZZ,コンチネンタル
コンチネンタル Ｖ,コンチネンタル
コードギアス 反逆のルルーシュZF,コードギアス
Lコードギアス復活のルルーシュ ZS,コードギアス
PコードギアスYR【設定④】,コードギアス
Pコードギアス反逆のルルーシュ bF,コードギアス
PコードギアスYR,コードギアス
PコードギアスYR【設定⑥】,コードギアス
コードギアスR2C.C. /ZS,コードギアス
Sコードギアス3 C.C. FS,コードギアス
PコードギアスYR【設定⑤】,コードギアス
PコードギアスYR【設定③】,コードギアス
Sコードギアス反逆のルルーシュ3 KZ,コードギアス
Pコードギアス反逆のルルーシュ bR,コードギアス
Pコードギアス反逆のルルーシュ bA,コードギアス
PコードギアスYR【設定②】,コードギアス
Pコードギアス反逆のルルーシュ3 V,コードギアス
コードギアス反逆のルルーシュR2 /ZX,コードギアス
Pコードギアス反逆のルルーシュ3 Y,コードギアス
コード･ルージュ,コード･ルージュ
PAぶいぶい！ゴジラ N4-K6【設定③】,ゴジラ
Pゴジラ対エヴァンゲリオン G細胞覚醒 YR,ゴジラ
P真・怪獣王ゴジラ2 L2-K,ゴジラ
PAぶいぶい！ゴジラ N4-K6【設定②】,ゴジラ
PAぶいぶい！ゴジラ N4-K6【設定④】,ゴジラ
eゴジラ対エヴァンゲリオン2 bA 【LT】,ゴジラ
Pゴジラ対エヴァンゲリオン2 G,ゴジラ
PAぶいぶい！ゴジラ N4-K6,ゴジラ
PA真・怪獣王ゴジラ N2-K6【設定③】,ゴジラ
PAぶいぶい！ゴジラ N4-K6【設定⑥】,ゴジラ
PAぶいぶい！ゴジラ N-K1,ゴジラ
PA真・怪獣王ゴジラ N2-K6【設定②】,ゴジラ
PA真・怪獣王ゴジラ2 N2-K,ゴジラ
PA真・怪獣王ゴジラ N2-K6【設定⑤】,ゴジラ
PAぶいぶい！ゴジラ N4-K6【設定⑤】,ゴジラ
Pぶいぶい！ゴジラ M3-K1,ゴジラ
Pゴジラ対エヴァンゲリオン G細胞覚醒 L,ゴジラ
PA真・怪獣王ゴジラ NL-K1,ゴジラ
PA真・怪獣王ゴジラ N2-K6,ゴジラ
PA真・怪獣王ゴジラ N2-K6【設定④】,ゴジラ
PA真・怪獣王ゴジラ N2-K6【設定⑥】,ゴジラ
Lゴジラ対エヴァンゲリオン jA,ゴジラ
Pゴジラ対エヴァンゲリオン2 R,ゴジラ
Lパチスロゴッドイーターリザレクション SLED,ゴッドイーター
Pゴッドイーター MVY2,ゴッドイーター
eゴッドイータートリプルバースト MJ,ゴッドイーター
Pゴッドイーター荒神Ver RAY3,ゴッドイーター
Sパチスロゴッドイータージアニメ SLHH,ゴッドイーター
パチスロゴッドイーター2 /CC,ゴッドイーター
eゴッドイータートリプルバースト MJ 【LT】,ゴッドイーター
Pゴッドイーター MP,ゴッドイーター
Pゴッドイーター MBY,ゴッドイーター
パチスロゴッドイーターFF,ゴッドイーター
Pゴッドイーター究極一閃 MA,ゴッドイーター
Pゴッドイーター REY3,ゴッドイーター
パチスロゴッドイーターCC,ゴッドイーター
ゴッドハンター V,ゴッドハンター
Pゴブリンスレイヤー JGZ,ゴブリンスレイヤー
Lゴブリンスレイヤー RD,ゴブリンスレイヤー
PゴブリンスレイヤーラッキートリガーVer JVR 【LT】,ゴブリンスレイヤー
PゴブリンスレイヤーラッキートリガーVer JVR,ゴブリンスレイヤー
Pフィーバーゴルゴ13-2 W,ゴルゴ13
ゴルゴ13あの男に連絡だ! Y,ゴルゴ13
Pフィーバーゴルゴ13-2,ゴルゴ13
パチスロゴルゴ13 S,ゴルゴ13
ゴルゴ13薔薇十字団の陰謀,ゴルゴ13
Pフィーバーゴルゴ13-2 Y,ゴルゴ13
Pドラムゴルゴ13 sY,ゴルゴ13
Pフィーバーゴルゴ13 sY,ゴルゴ13
Sパチスロゴーヤ KJB,ゴーヤ
Sパチスロゴーヤ MJA,ゴーヤ
Lパチスロゴールデンカムイ KR,ゴールデンカムイ
Pゴールドマックス LM1,ゴールドマックス
パチスロサイコパス K,サイコパス
サイバードラゴン 2,サイバードラゴン
パチスロサイバーブルー TA,サイバーブルー
パチスロサイボーグ009 KE,サイボーグ009
サイレントヒル CP,サイレントヒル
サイレントメビウスS1,サイレントメビウス
パチスロサクラ大戦 熱き血潮に /XR,サクラ大戦
パチスロサクラ大戦3～Loop ver.～,サクラ大戦
パチスロサクラ大戦 3,サクラ大戦
続･お見事!サブちゃん,サブちゃん
ノーマルだよ!サブちゃん,サブちゃん
サムライ 7,サムライ 7
サムライスピリッツ剣豪八番勝負AC,サムライスピリッツ
サムライスピリッツ鬼Ｃ,サムライスピリッツ
サムライチャンプルー極,サムライチャンプルー
サムライチャンプルー流転輪廻 X,サムライチャンプルー
L HEY！エリートサラリーマン鏡 PA4,サラリーマン
闘え！サラリーマン /XA,サラリーマン
Pサラリーマン金太郎 FVE,サラリーマン
Sサラリーマン金太郎～MAX～ X2,サラリーマン
サラリーマン金太郎 出世回胴編XF,サラリーマン
Pサラリーマン金太郎 FMY,サラリーマン
押忍!サラリーマン番長 俺に日本は狭すぎるA9,サラリーマン
Lスマスロサラリーマン金太郎 ET,サラリーマン
S押忍！サラリーマン番長2 A2,サラリーマン
S/ サンダーV ライトニング /TH,サンダーV
サンダーＶリボルトUR,サンダーＶリボルト
Sザクザクシチフクジン EE,ザクザクシチフクジン
シェイクⅢ /A4,シェイク
SビッグシオSP -30,シオ
シオサイＡ-30,シオ
スーパーシオA-30,シオ
ビッグシオ V,シオ
シオサイマックス-30,シオ
ニューシオサイ /EX-30,シオ
Sニューシオサイ SA,シオ
シスタークエスト /HA,シスタークエスト
シスタークエスト 2,シスタークエスト
シスタークエスト3E,シスタークエスト
Pシティーハンター4 H1YZ7,シティーハンター
Pシティーハンター4 L9YZ3,シティーハンター
シティーハンター A1,シティーハンター
Sシマムスコ MB1-30,シマムスコ
Sシマムスコ HB1,シマムスコ
Sシャア専用パチスロ 逆襲の赤い彗星G,シャア専用パチスロ 逆襲の赤い彗星
PシャカRUSH Z1,シャカ
P真シャカRUSH G,シャカ
P真シャカRUSH A,シャカ
PシャカRUSH Z1 【LT】,シャカ
P真シャカRUSH A2,シャカ
シャドウハーツⅡ運命の道標SS,シャドウハーツⅡ
パチスロシュタインズゲートR /WX,シュタインズゲート
パチスロシュタインズゲートMX,シュタインズゲート
PAシュタインズゲート N2-V,シュタインズゲート
Pショウバイロック EJC,ショウバイロック
Pショウバイロック EJC【設定⑥】,ショウバイロック
Pショウバイロック EJC【設定②】,ショウバイロック
Pショウバイロック EJC【設定③】,ショウバイロック
Pショウバイロック EJC【設定⑤】,ショウバイロック
Pショウバイロック EJC【設定④】,ショウバイロック
Sシリウス SY1,シリウス
シンデレラ×ブレイド2 ND,シンデレラ×ブレイド
Sシンデレラ×ブレイド4 NA,シンデレラ×ブレイド
シンデレラ×ブレイドB,シンデレラ×ブレイド
シンデレラ×ブレイド3 /N1,シンデレラ×ブレイド
Pシンデレラブレイド JQX,シンデレラブレイド
激シーサー,シーサー
S沖シーサー KY1-30,シーサー
P沖7シーサーver.【設定③】,シーサー
P沖7シーサーver.【設定⑥】,シーサー
パチスロ楽シーサー30 jR,シーサー
パチスロみんなで楽シーサー S,シーサー
P沖7シーサーver.,シーサー
シーマスター2 GG,シーマスター
アイムジャグラーEX-AE /KT,ジャグラー
マイジャグラーⅣ /KE,ジャグラー
ハッピージャグラー V,ジャグラー
みんなのジャグラーC,ジャグラー
ニューアイムジャグラー EX-C,ジャグラー
マイジャグラー,ジャグラー
ゴーゴージャグラーKK,ジャグラー
SジャグラーガールズSS -KH,ジャグラー
スーパーミラクルジャグラー /KU,ジャグラー
SマイジャグラーV KD,ジャグラー
マイジャグラーⅡ KK,ジャグラー
ファンキージャグラー /KK,ジャグラー
ゴーゴージャグラー2 /KD,ジャグラー
マイジャグラーIII KD ,ジャグラー
アイムジャグラーAPEX,ジャグラー
Sミスタージャグラー KK,ジャグラー
SアイムジャグラーEX-TP,ジャグラー
ハッピージャグラー VII KK,ジャグラー
ミラクルジャグラー,ジャグラー
ニューアイムジャグラーEX-KT,ジャグラー
Sファンキージャグラー2 KT,ジャグラー
ジャグラーガールズ K,ジャグラー
ニューアイムジャグラーEX-KA,ジャグラー
Sゴーゴージャグラー3 KA,ジャグラー
アイムジャグラーEX-AnniversaryEdition /KK,ジャグラー
Sウルトラミラクルジャグラー KT,ジャグラー
マイジャグラーII K,ジャグラー
Sハッピージャグラー VⅢ EA,ジャグラー
S /ジャジャマル /HA,ジャジャマル
ラッキージャックポットL1,ジャックポット
ハッピージャックポット /H1,ジャックポット
ジャックポットTPV2 /J1,ジャックポット
ジャックポット Y6,ジャックポット
スペシャルジャックポット,ジャックポット
ニューラッキージャックポット /N1,ジャックポット
スーパージャックポット XJ,ジャックポット
Sジャベリン SA,ジャベリン
ジャングルマスターコングダム /CC,ジャングルマスターコングダム
Pジューシーハニー2 REY2【設定③】,ジューシーハニー
P LTジューシーハニー極嬢 MA 【LT】,ジューシーハニー
P LTジューシーハニー極嬢 MA,ジューシーハニー
Pジューシーハニー2 REY2,ジューシーハニー
PA激デジジューシーハニーハーレム RAY,ジューシーハニー
Pジューシーハニー3 RCY3,ジューシーハニー
Pジューシーハニー3 MGY2,ジューシーハニー
Pジューシーハニー2 REY2【設定⑥】,ジューシーハニー
PA激デジジューシーハニー3 NCY,ジューシーハニー
Pジューシーハニー2 REY2【設定⑤】,ジューシーハニー
Pジューシーハニーハーレム MF,ジューシーハニー
Pジューシーハニー2 REY2【設定②】,ジューシーハニー
Pジューシーハニー3 MEY2,ジューシーハニー
Pジューシーハニー2 REY2【設定④】,ジューシーハニー
スカイガールズ2 RA,スカイガールズ
Sスカイガールズ KK,スカイガールズ
スカイガールズ FU,スカイガールズ
スカイラブ 3Ｆ,スカイラブ
Lスカイラブ GNB,スカイラブ
スカイラブ4A,スカイラブ
Pスカイレーサー DX,スカイレーサー
スケバン C,スケバン刑事
スゴスローC,スゴスロー
Pスターオーシャン4 AA,スターオーシャン
Pスターオーシャン4 AA【設定③】,スターオーシャン
SLOTスターオーシャン 4TR,スターオーシャン
Pスターオーシャン4 AA【設定②】,スターオーシャン
パチスロ スタードライバー GG,スタードライバー
PストV K.O.RUSH LIGHT FWE,ストV
PAストライクウィッチーズ XBD【設定⑤】,ストライクウィッチーズ
PAストライクウィッチーズ XBD【設定③】,ストライクウィッチーズ
Pストライクウィッチーズ2 HBC,ストライクウィッチーズ
Pストライクウィッチーズ2 HCL,ストライクウィッチーズ
PAストライクウィッチーズ XBD,ストライクウィッチーズ
パチスロストライクウィッチーズ VX,ストライクウィッチーズ
PAストライクウィッチーズ XBD【設定④】,ストライクウィッチーズ
PAストライクウィッチーズ XBD【設定②】,ストライクウィッチーズ
PAストライクウィッチーズ XBD【設定⑥】,ストライクウィッチーズ
Lストライクウィッチーズ2 TF,ストライクウィッチーズ
Lストライク・ザ・ブラッド ZC,ストライク・ザ・ブラッド
Lストリートファイター5 ZD,ストリートファイター5
ストリートファイターIV X,ストリートファイターIV
PストリートファイターV FRY,ストリートファイターV
ストリートファイターV /ZS,ストリートファイターV
PストリートファイターV K.O.RUSH FMW,ストリートファイターV
Sスナイパイ71 CC,スナイパイ
スナイパイ72ーA,スナイパイ
スパイガール2 P,スパイガール
スパイガール,スパイガール
アメイジングスパイダーマン QG,スパイダーマン
パチスロ スパイダーマン 3,スパイダーマン
Pフィーバースプラッシュ×スプラッシュ,スプラッシュ×スプラッシュ
Sスロドル PK,スロドル
Sスーハナライジング PC-30,スーハナライジング
Pスーパーコンビα7500 jS,スーパーコンビ
スーパーストリートファイターⅣ /ZY,スーパーストリートファイターⅣ
Sスーパードラゴン NO,スーパードラゴン
Lスーパービンゴネオ SB5,スーパービンゴ
スーパービンゴネオS2-30,スーパービンゴ
Sスーパービンゴ HY1-30,スーパービンゴ
Sスーパービンゴ HH1,スーパービンゴ
スーパービンゴ SP3,スーパービンゴ
スーパービンゴリゾート /R5,スーパービンゴ
Sスーパービンゴギャラクシー G3,スーパービンゴ
スーパービンゴネオ S7,スーパービンゴ
スーパービンゴネオM1,スーパービンゴ
スーパープラネットSP /CC,スーパープラネット
スーパープラネットDX /CC,スーパープラネット
スーパーマジカルセブン,スーパーマジカルセブン
PAフィーバースーパー戦隊 Y【設定④】,スーパー戦隊
Pフィーバースーパー戦隊 S【設定③】,スーパー戦隊
Pフィーバースーパー戦隊 S【設定②】,スーパー戦隊
PAフィーバースーパー戦隊 Y【設定⑤】,スーパー戦隊
PAフィーバースーパー戦隊 Y【設定⑥】,スーパー戦隊
Pフィーバースーパー戦隊 S【設定④】,スーパー戦隊
Pフィーバースーパー戦隊 S【設定⑥】,スーパー戦隊
Pフィーバースーパー戦隊 S,スーパー戦隊
PAフィーバースーパー戦隊 Y【設定②】,スーパー戦隊
PAフィーバースーパー戦隊 Y,スーパー戦隊
PAフィーバースーパー戦隊 Y【設定③】,スーパー戦隊
Pフィーバースーパー戦隊 S【設定⑤】,スーパー戦隊
セイクリッドセブン /XX,セイクリッドセブン
Pセブンインパクト AST,セブンインパクト
セブンスビート /KS,セブンスビート
センゴク回胴記,センゴク
パチスロセンゴクムソウ2 E,センゴク
パチスロゼクスイグニッション /Z1,ゼクスイグニッション
ゼットゴールド EX,ゼットゴールド
ゼットゴールドインフィニティNC,ゼットゴールド
パチスロゼーガペイン FF,ゼーガペイン
Sパチスロゼーガペイン2 ZZ,ゼーガペイン
パチスロソウルキャリバー /HH,ソウルキャリバー
eソードアート・オンライン～閃光の軌跡～ K7,ソードアート・オンライン
Lスロット ソードアート・オンライン B2,ソードアート・オンライン
eぱちんこソードアート・オンライン K12,ソードアート・オンライン
eソードアート・オンライン～閃光の軌跡～ K7 【LT】,ソードアート・オンライン
Lスロットゾンビランドサガ A1,ゾンビランドサガ
Pゾンビリーバボー S4-T6【設定②】,ゾンビリーバボー
Pゾンビリーバボー S4-T6【設定④】,ゾンビリーバボー
Pゾンビリーバボー S4-T6【設定⑤】,ゾンビリーバボー
Pゾンビリーバボー～絶叫～ S4-T6,ゾンビリーバボー
Pゾンビリーバボー S4-T6【設定⑥】,ゾンビリーバボー
Pゾンビリーバボー ～絶叫～S5-T1,ゾンビリーバボー
Pゾンビリーバボー S4-T6【設定③】,ゾンビリーバボー
Pゾンビリーバボー～絶叫～ S3-T1,ゾンビリーバボー
PフィーバータイガーマスクW Y,タイガーマスク
PフィーバータイガーマスクW R,タイガーマスク
パチスロ タイガーマスクS,タイガーマスク
Sパチスロタイガー＆バニーSP YTFF,タイガー＆バニー
Pタイガー＆バニー SFQA,タイガー＆バニー
Sパチスロタイガー＆バニー HZ,タイガー＆バニー
タイムクロス2 /DD,タイムクロス
タイムレスキューS,タイムレスキュー
タイムレスキュー 777,タイムレスキュー
S / タブー・タトゥー /LL,タブー・タトゥー
タロットエンペラー RT,タロットエンペラー
Pターミネーター2 L1BS1S【設定③】,ターミネーター
Pターミネーター2 L1BS1S,ターミネーター
Pターミネーター2 L1BS1S【設定⑥】,ターミネーター
Pターミネーター2 L1BS1S【設定④】,ターミネーター
Pターミネーター2 L1BS1S【設定⑤】,ターミネーター
Pターミネーター2 V2H1AZ5,ターミネーター
Pターミネーター2 L1BS1S【設定②】,ターミネーター
PダイナマイトキングEX FN-T,ダイナマイトキングEX
Sパチスロダイナマイトキング極 JJT,ダイナマイトキング極
ダイナミックサンダー V,ダイナミックサンダー
Pフィーバーダンまち F,ダンまち
Pフィーバーダンまち2 N,ダンまち
eフィーバーダンまち2G,ダンまち
Sダンまち2 XZ,ダンまち
ダンまち /KT,ダンまち
Sダンまち外伝 XR,ダンまち
ダンガンロンパ～希望の学園と絶望の高校生～ NW,ダンガンロンパ
Pダンガンロンパ M6-V1,ダンガンロンパ
Pフィーバーダンベル何キロ持てる？ V,ダンベル何キロ持てる？
Lダンベル何キロ持てる？ X,ダンベル何キロ持てる？
PAフィーバーダンベル何キロ持てる？ Y,ダンベル何キロ持てる？
Sダンミツ BB,ダンミツ
Sゲキダンミツ EE,ダンミツ
ダーカーザンブラックA,ダーカーザンブラック
パチスロダーツライブ /ZA,ダーツライブ
Sチェインクロニクル WR,チェインクロニクル
ニューチバリヨ /ND-30,チバリヨ
Sもっとチバリヨ GZA,チバリヨ
Lチバリヨ2プラス ZC,チバリヨ
Lチバリヨ2 ZB,チバリヨ
ニューチバリヨ /NE,チバリヨ
Sチバリヨ ZH-30,チバリヨ
Sもっとチバリヨ NB-30,チバリヨ
Sチバリヨ NC,チバリヨ
チャブダイ /A1,チャブダイ
Sチャブダイ EB6,チャブダイ
SツインエンジェルPARTY ZF,ツインエンジェル
ツインエンジェル3 X,ツインエンジェル
ツインエンジェルBREAK-A /ZR,ツインエンジェル
パチスロツインエンジェルBREAK /ZS,ツインエンジェル
テイルズオブシンフォニア /KP,テイルズオブシンフォニア
テイルズオブデスティニー N,テイルズオブデスティニー
-,テキストにブランド名が含まれていないため、ブランド名を抽出することができません。もし具体的な名称があれば、それを提供していただければブランド名を抽出することができます。
テラシグマ SP,テラシグマ
パチスロテラフォーマーズ Q,テラフォーマーズ
テンX FSB,テンX
テンパイラッシュ K1,テンパイラッシュ
ディスクアップ /ZS,ディスクアップ
Ｓディスクアップ2 ZF,ディスクアップ
Pデカチリラッシュ AE【設定⑥】,デカチリラッシュ
PAデカチリラッシュ AE,デカチリラッシュ
P光れ！デカビスカス HD,デカビスカス
Sデジスロジャック GB1,デジスロジャック
デッドオアアライブ5 EK,デッドオアアライブ5
デッドマン・ワンダーランド KC,デッドマン・ワンダーランド
デビルサバイバー2 最後の7日間H1,デビルサバイバー2
デビルマンⅢ DM,デビルマン
Pデビルマン疾風迅雷 N2-X1 YT389,デビルマン
Pデビルマン N4-S 【LT】,デビルマン
Pデビルマン疾風迅雷S-X1 YT959,デビルマン
SLOTデビルマンχ DA,デビルマン
Pデビルマン N4-S,デビルマン
Pデビルマン黄金黙示録 N-K1 YT250,デビルマン
Pサイボーグ009VSデビルマン N2-T,デビルマン
デビルマンⅡ－悪魔復活Ｅ,デビルマン
Pデビルメイクライフォー2 MD,デビルメイクライ
Pデビルメイクライ4 AA,デビルメイクライ
Sデビルメイクライファイブ XA,デビルメイクライ
デビルメイクライ4 覚醒YA,デビルメイクライ
デビルメイクライクロス /ZY,デビルメイクライ
デュエルドラゴンプラス UL,デュエルドラゴン
デルピエロ,デルピエロ
PニュートキオGREEN V1,トキオ
Pトキオブラック4500 V1,トキオ
Pニュートキオ H1（ヘソ）,トキオ
Pニュートキオ V1（ハカマ）,トキオ
トップをねらえ2!,トップをねらえ
トラッド480 R2,トラッド
トラッド T2,トラッド
トラッドサンダーブラック /T1,トラッド
SトリプルクラウンV-30,トリプルクラウン
トロピカルキス　ビター/HA,トロピカルキス
トロピカルキス　ビター/HC（スウィート）,トロピカルキス
トロピカーナ P-30,トロピカーナ
L / トロピカーナ /NT,トロピカーナ
トロピカーナ C,トロピカーナ
PAフィーバートータル・イクリプス Y【設定⑤】,トータル・イクリプス
Sトータル・イクリプス2 R,トータル・イクリプス
PAフィーバートータル・イクリプス Y【設定④】,トータル・イクリプス
PAフィーバートータル・イクリプス Y【設定⑥】,トータル・イクリプス
PAフィーバートータル・イクリプス Y,トータル・イクリプス
Pフィーバートータル・イクリプス V,トータル・イクリプス
パチスロトータル・イクリプス Nb,トータル・イクリプス
PAフィーバートータル・イクリプス Y【設定②】,トータル・イクリプス
PAフィーバートータル・イクリプス Y【設定③】,トータル・イクリプス
パチスロ トータル・イクリプスR,トータル・イクリプス
ドカベン2 G,ドカベン
ドキドキマンゴー /SP,ドキドキマンゴー
ドキドキマンゴー /SP-30,ドキドキマンゴー
ドラゴノーツ～ザ･レゾナンス～,ドラゴノーツ～ザ･レゾナンス～
ドラゴンギャル,ドラゴンギャル
ドラゴンギャル 双龍の闘いAB,ドラゴンギャル
ドラゴンギャル3D,ドラゴンギャル
Sドラゴンホイール KT,ドラゴンホイール
Pドラドラ天国DX1 CP,ドラドラ天国
Pドラドラ天国DX1 V,ドラドラ天国
ドリスタせかんど /NE,ドリスタせかんど
Sパチスロドリフターズ ZS,ドリフターズ
ドリームあの興奮をもう一度ジャンボ EE,ドリームあの興奮をもう一度ジャンボ
Sドリームクルーン2 CX,ドリームクルーン
Pドリームクルーン U8,ドリームクルーン
ドリームクルーン /GX,ドリームクルーン
ドリームクルーンR /CX,ドリームクルーン
ドリーム幸福のチケットを君にジャンボBB,ドリーム幸福のチケットを君に
ドルマッチ,ドルマッチ
ドロロンえん魔くん KN,ドロロンえん魔くん
新･ドロンジョにおまかせ C,ドロンジョにおまかせ
S/ドンちゃん2 /DC,ドンちゃん
ドンちゃん祭 NB,ドンちゃん
ナイツ2 /CC,ナイツ
Sナイツ YTCC,ナイツ
PAナナシ―お江戸バージョンver. V2 【PB機】,ナナシ―お江戸バージョン
PちょいパチナナシーDX II G39,ナナシー
PAナナシーお江戸バージョンver. V2 【PB】,ナナシー
PAナナシーSPECIAL 1VV,ナナシー
PナナシーDXⅡ189M,ナナシー
PAナナシーSPECIAL 3VV,ナナシー
Pナムココレクション MH,ナムココレクション
PAナムココレクション2SA,ナムココレクション
PAナムココレクション AA,ナムココレクション
Pナムココレクション2 MA,ナムココレクション
ニャンニャンムスメN1,ニャンニャンムスメ
パチスロニンジャガイデン N,ニンジャガイデン
ニーマルニーナナサード3,ニーマルニーナナサード
Sノーゲーム・ノーライフ KG,ノーゲーム・ノーライフ
ハイサイ蝶特急ターボ A,ハイサイ蝶特急
ハイサイ超特急2,ハイサイ超特急
ハイスクールDD KR,ハイスクールDD
PハイスクールD×D MA【設定⑥】,ハイスクールD×D
PハイスクールD×D MA【設定③】,ハイスクールD×D
PハイスクールD×D真紅 GCA,ハイスクールD×D
PハイスクールD×D MX,ハイスクールD×D
PハイスクールD×D MA【設定②】,ハイスクールD×D
PハイスクールD×D ZD,ハイスクールD×D
SハイスクールD×D2 GT,ハイスクールD×D
PハイスクールD×D真紅 MC,ハイスクールD×D
PハイスクールD×D MA,ハイスクールD×D
PハイスクールD×D GLA,ハイスクールD×D
PハイスクールD×D MA【設定⑤】,ハイスクールD×D
PハイスクールD×D MA【設定④】,ハイスクールD×D
ハイスクールオブザデッド /CC,ハイスクールオブザデッド
Pハイスクールオブザデッド T3A【設定A】,ハイスクールオブザデッド
Pハイスクールオブザデッド T3A【設定B】,ハイスクールオブザデッド
Pハイスクールオブザデッド T3A,ハイスクールオブザデッド
Pハイスクールオブザデッド2 N3A,ハイスクールオブザデッド
Sハイスクールオブザデッドゴールド SLFF,ハイスクールオブザデッド
Pハイスクールオブザデッド2 N1A,ハイスクールオブザデッド
PAハイスクール・フリート AE,ハイスクール・フリート
PAハイスクール・フリート2 SB 【LT】,ハイスクール・フリート
Pハイスクール・フリート2 MH,ハイスクール・フリート
Pハイスクール・フリート MA,ハイスクール・フリート
PAハイスクール・フリート2 SB,ハイスクール・フリート
SLOTハイスクール・フリート BU,ハイスクール・フリート
PAハイスクール・フリート AE【設定⑥】,ハイスクール・フリート
ハイディングドラゴンB,ハイディングドラゴン
Sハイドラ ND-30,ハイドラ
Sハイハイシオサイ2 HY,ハイハイ
Sハイハイシオサイ HY,ハイハイ
ハイハイ-30,ハイハイ
Sハイパーラッシュ SLC8,ハイパーラッシュ
ハイパー娘Ａ,ハイパー娘
ハイビGX-30,ハイビ
シークレットハイビスカス /AA,ハイビ
キングハイビ-30,ハイビ
Sハイヨレ！ニャルコサン Y,ハイヨレ！ニャルコサン
パチスロハクション大魔王 AA,ハクション大魔王
キュインハナチャンX‐30,ハナチャン
キュインハナチャンX‐25,ハナチャン
Lスターハナハナ MX,ハナハナ
クイーンハナハナEX-30,ハナハナ
Lドラゴンハナハナ～閃光～ JP,ハナハナ
ドリームハナハナ /DX-30,ハナハナ
Sスーパーハナハナ V1,ハナハナ
スペシャルハナハナⅡ‐30,ハナハナ
Sハナハナホウオウ～天翔～ EX‐30,ハナハナ
Sドラゴンハナハナ～閃光～SP -30,ハナハナ
Sハナハナホウオウ～天翔～ LX,ハナハナ
SニューハナハナゴールドEX -30,ハナハナ
Sスターハナハナ MX-30,ハナハナ
ハナハナホウオウEX-30,ハナハナ
スペシャルハナハナII-30,ハナハナ
Sハナハナホウオウ～天翔～ GP,ハナハナ
Dハナハナ-30,ハナハナ
Sスーパーハナハナ V1-30,ハナハナ
Sスーパーハナハナ2 D-30,ハナハナ
Lスターハナハナ MX-30,ハナハナ
ニューキングハナハナDX-30,ハナハナ
グレートキングハナハナ /DX-30,ハナハナ
プレミアムハナハナ /DX-30,ハナハナ
SキングハナハナSP -30,ハナハナ
グレートキングハナハナ /EX,ハナハナ
ツインドラゴンハナハナ /DX-30,ハナハナ
キングハナハナ-30,ハナハナ
Sドラゴンハナハナ～閃光～ DX,ハナハナ
S／新ハナビR／HA,ハナビ
ハナビ BH,ハナビ
S/ ハナビゼッケイ /BH,ハナビ
ハナビ2 HA,ハナビ
S/アナザーハナビ弥生ちゃん/DH,ハナビ
ハナビ BHS2,ハナビ
Sハナペカ Y,ハナペカ
Sハナマツリ SP,ハナマツリ
パチスロハナンチュ /SA,ハナンチュ
元祖ハネスロ再び /EX,ハネスロ
ハローサンタ UMV-S,ハローサンタ
Sハードボイルド XX,ハードボイルド
ハーレムエース 2,ハーレムエース
PバイオハザードRE2 L9YZ4 【LT】,バイオハザード
バイオハザードリベレーションズ /ZW,バイオハザード
Pフィーバーバイオハザード sY【設定③】,バイオハザード
Pフィーバーバイオハザード sY【設定②】,バイオハザード
Lバイオハザードヴェンデッタ FK,バイオハザード
バイオハザード6 ZY,バイオハザード
SバイオハザードRE:2 XB,バイオハザード
バイオハザード5Z,バイオハザード
PバイオハザードRE2 H1YZ3,バイオハザード
Pフィーバーバイオハザード2 T,バイオハザード
Lバイオハザードヴィレッジ XA,バイオハザード
Pフィーバーバイオハザード sY【設定⑤】,バイオハザード
PAフィーバーバイオハザード2 Y,バイオハザード
Pフィーバーバイオハザード sY【設定⑥】,バイオハザード
Sバイオハザード7 XE,バイオハザード
Pフィーバーバイオハザード sY,バイオハザード
PバイオハザードRE2 L9YZ4,バイオハザード
バイオイントゥーザパニック /ZA,バイオハザード
Pフィーバーバイオハザード sY【設定④】,バイオハザード
Pフィーバーバイオハザード2 Z,バイオハザード
バガナックルー /A4,バガナックルー
Lバキ L3,バキ
Sバキ H1,バキ
Pバキ319 H1YZ2,バキ
Pバキ199 H1YZ2,バキ
SLOTバジリスクⅢ BE,バジリスク
バジリスクII-NH,バジリスク
L / バジリスク絆2～天膳～ /ZN,バジリスク
P真バジリスク MQ,バジリスク
P真バジリスク LF,バジリスク
Pバジリスク2 MD,バジリスク
バジリスク 絆MK,バジリスク
バジリスク絆TK,バジリスク
バジリスク 1,バジリスク
Pバジリスク2 AB,バジリスク
SLOTバットマンBL,バットマン
Sバハマ A3-30,バハマ
バビロン A,バビロン
Pバベル MN,バベル
バリスタゴルフ,バリスタゴルフ
Pバンドリ H1YZ4,バンドリ
Lバンドリ S11,バンドリ
バーサス SE,バーサス
パチスロ バーストエンジェル EE,バーストエンジェル
Pバーストエンジェル3 L2W199,バーストエンジェル
PバーストエンジェルEX2 V,バーストエンジェル
パチスロ バーチャファイターZZ,バーチャファイター
Pパイレーツオブダイナマイトキング AG-JJJS,パイレーツオブダイナマイトキング
パイレーツワールド U,パイレーツワールド
パイ遊記NB,パイ遊記
SLOTパックマン /DG,パックマン
パチスロ パトラッシュV,パトラッシュ
PパトラッシュJ2 -K,パトラッシュ
PパトラッシュJ2 -G,パトラッシュ
ニューパルサーSP2 /DD,パルサー
ニューパルサーV 2,パルサー
Lキングパルサー SLCC,パルサー
SニューパルサーSP3 CC,パルサー
ニューパルサーDX2 /CC （チェリーver.）,パルサー
ニューパルサーDX CC,パルサー
SニューパルサーSP4 SLE8,パルサー
ドットパルサー KPV /CC,パルサー
キャプテンパルサー2 F,パルサー
ニューパルサー SP-B,パルサー
SニューパルサーDX-VYTDD,パルサー
Sスターパルサー YTCC,パルサー
極楽パロディウス R,パロディウス
Sヒット128 H1,ヒット
ビガースペシャル,ビガースペシャル
ビキニパイ2,ビキニパイ
ビッグアップ /J1,ビッグアップ
Pビッグドリーム2 GEB,ビッグドリーム
Pビッグドリーム SSPH,ビッグドリーム
Pビッグドリーム2 GFE,ビッグドリーム
Pビッグドリーム SFJJ,ビッグドリーム
ビッグボーナスX64 A,ビッグボーナス
Pビッグポップコーン Z,ビッグポップコーン
Pビッグポップコーン Y,ビッグポップコーン
Pビッグポップコーン A,ビッグポップコーン
PビビオペM-K YT599,ビビオペ
ビビッドレッド・オペレーション KE,ビビッドレッド・オペレーション
PAビビッドレッド・オペレーション N2-K,ビビッドレッド・オペレーション
ビューティフルジョー,ビューティフルジョー
ビンコ /A1,ビンコ
ビーストバスターズAE,ビーストバスターズ
ビーマックス MA,ビーマックス
ピカ吾郎 V2,ピカ吾郎
P GOLDピラミッ伝 V1E,ピラミッ伝
SピンクパンサーSP XX,ピンクパンサー
ピンクベル /C3,ピンクベル
Pピンクレディー H1YZ3,ピンクレディー
Pピンクレディー 9YU1,ピンクレディー
輪るピングドラム /KU,ピングドラム
パチスロ ピンポン,ピンポン
Sファイヤードリフト FX,ファイヤードリフト
S/ ファミスタ回胴版！！ /FB,ファミスタ
Pハネモノファミリースタジアム MD,ファミリースタジアム
SLOTファミリースタジアム /DN,ファミリースタジアム
Pファンキードクター H,ファンキードクター
Pファンキードクター,ファンキードクター
PフィーバークィーンⅡ,フィーバークィーン
PフィーバークィーンⅡ V,フィーバークィーン
パチスロフィーバークィーンⅡ b,フィーバークィーン
PフィーバークィーンRUSH -Y,フィーバークィーン
PAフィーバーパワフル R,フィーバーパワフル
PフィーバーパワフルⅢ‐F,フィーバーパワフル
フルメタル･パニック! TSR M,フルメタル･パニック! TSR
Sフレームアームズガール NC,フレームアームズガール
Sハイパーブラックジャック ZG,ブラックジャック
Lスマスロスーパーブラックジャック,ブラックジャック
スーパーブラックジャック2NG,ブラックジャック
Sブラックラグーン ゼロ FK,ブラックラグーン
Pブラックラグーン4 GCPA,ブラックラグーン
パチスロブラックラグーンリミットブレイク T,ブラックラグーン
Pデジハネブラックラグーン3 CA【設定④】,ブラックラグーン
Pブラックラグーン4 GCPA 【LT】,ブラックラグーン
Pブラックラグーン4 GFPJ,ブラックラグーン
ブラックラグーン2 CC,ブラックラグーン
Pデジハネブラックラグーン3 CA【設定③】,ブラックラグーン
Pデジハネブラックラグーン3 CA【設定②】,ブラックラグーン
Pデジハネブラックラグーン3 CA,ブラックラグーン
Pデジハネブラックラグーン3 CA【設定⑤】,ブラックラグーン
ブラックラグーン B,ブラックラグーン
Pデジハネブラックラグーン3 CA【設定⑥】,ブラックラグーン
S ATブラックラグーン4SY,ブラックラグーン
【上書き用】,ブランド名を抽出するためには、パチンコやスロット台の名称からマンガ、ゲーム、アイドルなどの名前を特定する必要があります。提供された名称「【上書き用】」からは具体的なブランド名を特定することができません。もし具体的な名称があれば、その中からブランド名を抽出することが可能です。具体的な名称を提供してください。
【上書き用】,ブランド名を抽出するためには、パチンコやスロット台の名称から関連するマンガ、ゲーム、アイドルなどの名前を特定する必要があります。提供された名称「【上書き用】」からは具体的なブランド名を特定する情報が不足しています。もし具体的な名称があれば、その中からブランド名を抽出することが可能です。具体的な名称を提供していただければ、ブランド名を抽出いたします。
Sデジスロ A9,ブランド名を抽出するためには、一般的に知られているマンガ、ゲーム、アイドルの名前を特定する必要があります。しかし、「Sデジスロ A9」にはそのような明確なブランド名が含まれていないようです。この場合、特定のブランド名を抽出することはできません。もし「デジスロ」が特定のブランド名として認識されている場合は、それをブランド名とすることができますが、一般的な知識ではそのような認識はありません。したがって、この場合はブランド名を特定できません。
L / 前後編f /UU,ブランド名を抽出するためには、一般的に知られているマンガ、ゲーム、アイドルの名前を特定する必要があります。しかし、提供された名称「L / 前後編f /UU」からは、明確なブランド名を特定することができません。もしこの名称が特定のブランドに関連している場合、追加の情報が必要です。
S OZ1-01,"ブランド名を抽出するためには、一般的に知られているマンガ、ゲーム、アイドルの名前を特定する必要があります。しかし、提供された名称「S OZ1-01」からは、特定のブランド名を直接抽出することが難しいです。この名称には、一般的に知られているマンガ、ゲーム、アイドルの名前が含まれていないようです。

したがって、この場合はブランド名を特定することができません。もし「OZ」が特定のブランドや作品名として認識されている場合は、その情報が必要です。"
PA祭,"ブランド名を抽出するためには、与えられた名称から一般的に知られているマンガ、ゲーム、アイドルなどの名前を特定する必要があります。しかし、提供された名称「PA祭」には、具体的なマンガ、ゲーム、アイドルの名前が含まれていないようです。

そのため、ブランド名を特定することができません。もし「PA祭」が特定のブランドや作品に関連している場合は、その情報を追加で提供していただければ、ブランド名を特定する手助けができるかもしれません。"
Lダブルアタック2 EX,"ブランド名を抽出するためには、名称の中から特定のキーワードやフレーズを見つけ出す必要があります。しかし、提供された名称「Lダブルアタック2 EX」には、明確なマンガ、ゲーム、アイドルの名前が含まれていないようです。この場合、ブランド名を特定するのは難しいです。

もし「ダブルアタック」が特定のブランドやシリーズ名として認識されている場合は、それをブランド名として抽出することができますが、一般的な情報としてはそのような認識はありません。

したがって、この場合はブランド名を特定することができません。"
プチマーメイド /KS,プチマーメイド
プリシラと魔法の本 /NB,プリシラと魔法の本
プロゴルファー猿,プロゴルファー猿
Pプロゴルファー猿 M4,プロゴルファー猿
Pプロゴルファー猿 V1,プロゴルファー猿
プロジェクトアームズ W,プロジェクトアームズ
ヴァン･ヘルシング FSB,ヘルシング
ヘルシング TH,ヘルシング
ベヨネッタ ZF,ベヨネッタ
Pベルサイユのばら 革命への序曲 GLB【設定④】,ベルサイユのばら
Pベルサイユのばら 革命への序曲 MA,ベルサイユのばら
Pベルサイユのばら 革命への序曲 MA【設定④】,ベルサイユのばら
Pベルサイユのばら 革命への序曲 MA【設定⑥】,ベルサイユのばら
Pベルサイユのばら 革命への序曲 FA,ベルサイユのばら
Pベルサイユのばら 革命への序曲 GLB,ベルサイユのばら
Pベルサイユのばら 革命への序曲 GLB【設定⑥】,ベルサイユのばら
パチスロベルセルク S,ベルセルク
Pベルセルク無双 N-Z,ベルセルク
Ｐベルセルク無双 M-Z,ベルセルク
Pベルセルク無双～冥府魔道 M12-Z,ベルセルク
Lパチスロベルセルク無双 EV,ベルセルク
Pベルセルク無双 N-ZDE,ベルセルク
オニワカベンケイ,ベンケイ
サクラベンケイ2,ベンケイ
ライライベンケイ2,ベンケイ
パチスロベントー /BA,ベントー
パチスロベントー /AB,ベントー
ペガサス R,ペガサス
ニューペガサス,ペガサス
ペガッパ Z,ペガッパ
Sパチスロペルソナ5 FR,ペルソナ5
Pホームランキング 9AV2S【設定③】,ホームランキング
Pホームランキング 9AV2S【設定④】,ホームランキング
Pホームランキング 9AV2S【設定⑥】,ホームランキング
Pホームランキング 9AV2S【設定②】,ホームランキング
Pホームランキング 9AV2S【設定⑤】,ホームランキング
Pホームランキング 9AV2S,ホームランキング
Pホー助くん YKBU2,ホー助くん
Sボンバーガール PM,ボンバーガール
ボンバーパワフルⅡZ,ボンバーパワフル
Sボンバーパワフル3 V,ボンバーパワフル
パチスロ ポパイブリット,ポパイ
パチスロマイケル・ジャクソンA,マイケル・ジャクソン
SマイフラワーⅡ EE-30,マイフラワー
Sマイフラワー KT-30,マイフラワー
eフィーバーマクロスフロンティア5 V,マクロス
PフィーバーマクロスΔ A,マクロス
PフィーバーマクロスΔ A【設定⑥】,マクロス
Sマクロスフロンティア4N R,マクロス
PAフィーバーマクロスフロンティア3 Y【設定③】,マクロス
Pフィーバーマクロスフロンティア5 W,マクロス
PAフィーバーマクロスフロンティア3 Y【設定④】,マクロス
Sマクロスデルタ jS,マクロス
PAフィーバーマクロスフロンティア3 Y【設定⑤】,マクロス
PフィーバーマクロスΔ A【設定④】,マクロス
PAフィーバーマクロスフロンティア3 Y【設定⑥】,マクロス
超時空要塞マクロス,マクロス
PフィーバーマクロスΔ Y【設定②】,マクロス
PフィーバーマクロスΔ Y【設定⑥】,マクロス
PAフィーバーマクロスフロンティア3 Y【設定②】,マクロス
パチスロ マクロスフロンティア2G,マクロス
PフィーバーマクロスΔ Y【設定③】,マクロス
Lマクロスフロンティア4 bA,マクロス
PAフィーバーマクロスフロンティア4 Y,マクロス
PAフィーバーマクロスフロンティア3 Y,マクロス
PフィーバーマクロスΔ F,マクロス
パチスロマクロスフロンティア3,マクロス
パチスロ マクロスフロンティア2 BL,マクロス
Pフィーバーマクロスフロンティア4 A,マクロス
PフィーバーマクロスΔ Y【設定④】,マクロス
PフィーバーマクロスΔ Y,マクロス
パチスロ マクロスフロンティア はじまりの歌、銀河に響け!A,マクロス
PフィーバーマクロスΔ Y【設定⑤】,マクロス
パチスロマジェスティックプリンス S,マジェスティックプリンス
マジカルハロウィン4 KA,マジカルハロウィン
マジカルハロウィン2 A,マジカルハロウィン
Lマジカルハロウィン8 FE,マジカルハロウィン
マジカルハロウィン5 /KA,マジカルハロウィン
Sマジカルハロウィン7 KU,マジカルハロウィン
マジカルハロウィン 3Ｎ,マジカルハロウィン
Sマジカルハロウィン FP,マジカルハロウィン
マジカルハロウィン6 /KK,マジカルハロウィン
マジックモンスター3 J2,マジックモンスター
マジンガーＺ新たな魔神の力 Z,マジンガーZ
マタドールⅡ /KS-30,マタドール
マタドールKA-30,マタドール
パチスロマッハGOGOGO A,マッハGOGOGO
マッハGoGoGo III,マッハGoGoGo
S /マッピー /GS,マッピー
マハラ JA,マハラ
コイコイマハロKK-30,マハロ
マハロE-30,マハロ
ワイワイマハロKK-30,マハロ
ロイヤルマハロ /KT‐30,マハロ
イケイケマハロKD-30,マハロ
マメ /A3,マメ
ミッションインポッシブル S,ミッションインポッシブル
Pミニミニモンスター4 LM【設定⑥】,ミニミニモンスター
Pミニミニモンスター4 a【設定②】,ミニミニモンスター
Pミニミニモンスター4 a【設定④】,ミニミニモンスター
Pミニミニモンスター4 LM【設定⑤】,ミニミニモンスター
Pミニミニモンスター4 a【設定⑤】,ミニミニモンスター
Pミニミニモンスター4 a,ミニミニモンスター
Pミニミニモンスター4 LM,ミニミニモンスター
Pミニミニモンスタードラム akz,ミニミニモンスター
Pミニミニモンスター4 LM【設定②】,ミニミニモンスター
Pミニミニモンスター4 LM【設定③】,ミニミニモンスター
Pミニミニモンスター4 LM【設定④】,ミニミニモンスター
Pミニミニモンスター4 a【設定⑥】,ミニミニモンスター
Pミニミニモンスター4 a【設定③】,ミニミニモンスター
ミラクルMC,ミラクルMC
Sパチスロミルキィホームズ GNB,ミルキィホームズ
Sミルキィホームズ ND,ミルキィホームズ
ミルキィホームズ /DE,ミルキィホームズ
PAミルキーバー N-W3,ミルキーバー
PAミルキーバー N-W3【設定③】,ミルキーバー
PAミルキーバー N-W6,ミルキーバー
PAミルキーバー N-W6【設定⑥】,ミルキーバー
PAミルキーバー N-W6【設定④】,ミルキーバー
PAミルキーバー N-W6【設定②】,ミルキーバー
PAミルキーバー N-W6【設定⑤】,ミルキーバー
PAミルキーバー N-W3【設定②】,ミルキーバー
PAミルキーバー N-W6【設定③】,ミルキーバー
とんでも戦士ムテキング,ムテキング
Pメイドインアビス MR,メイドインアビス
S/ メイドインアビス /EN,メイドインアビス
メイドルナイト,メイドルナイト
メタルギアソリッド /KG,メタルギアソリッド
メタルスラッグ SV-001,メタルスラッグ
メタルスラッグ3C,メタルスラッグ
S天晴！モグモグ風林火山 NI,モグモグ風林火山
世界で叩け!モグモグ風林火山 ML,モグモグ風林火山
真モグモグ風林火山2 NB,モグモグ風林火山
PモモキュンEX ME【設定⑤】,モモキュン
PモモキュンEX GLA【設定④】,モモキュン
PモモキュンEX ME【設定③】,モモキュン
Pモモキュンソード閃撃 MD,モモキュン
PモモキュンEX ME,モモキュン
PモモキュンEX GLA【設定③】,モモキュン
PモモキュンEX GLA【設定⑥】,モモキュン
PモモキュンEX GLA【設定⑤】,モモキュン
PモモキュンEX GLA【設定②】,モモキュン
PモモキュンEX ME【設定⑥】,モモキュン
Pモモキュンソード閃撃 GCA,モモキュン
PモモキュンEX ME【設定②】,モモキュン
PAモモキュンEX GLA,モモキュン
PモモキュンEX ME【設定④】,モモキュン
Pモモキュンソード GC250A,モモキュン
Sモモキュンソード DX,モモキュン
Pモモキュンソード MC,モモキュン
Pモモキュンソード閃撃～極～ ZH,モモキュン
ニュースモモチャン EX,モモチャン
PモンキーターンV MD,モンキーターン
モンキーターン3/DD,モンキーターン
パチスロ「モンキーターン」,モンキーターン
PモンキーターンV GC250A,モンキーターン
モンキーターン2 TT,モンキーターン
Pモンキーターン超抜 ZDa,モンキーターン
Sモンキーターン4 ZDD,モンキーターン
Lモンキーターン5 CE,モンキーターン
Pネオモンスターハウス LML,モンスターハウス
Pネオモンスターハウス AL,モンスターハウス
Pネオモンスターハウス MXL,モンスターハウス
Pネオモンスターハウス LML2,モンスターハウス
モンスターハンター狂竜戦線 /ZS,モンスターハンター
Lモンスターハンターライズ XA,モンスターハンター
Pモンスターハンターライズ GRPG,モンスターハンター
Pモンスターハンターダブルクロス SFB,モンスターハンター
PモンスターハンターXX連続狩猟 GEA,モンスターハンター
Sモンスターハンターワールド ZI,モンスターハンター
モンスターハンター月下雷鳴 ZX,モンスターハンター
モンスターハンター ZS,モンスターハンター
Sヤッターマン絶対正義 SE,ヤッターマン
パチスロヤッターマンKH,ヤッターマン
PヤッターマンVVV -YCE,ヤッターマン
PAヤッターマンVVV -YBB,ヤッターマン
ユルビスカス DX‐30,ユルビスカス
ヨシムネH2A4,ヨシムネ
Sライライエイサー EX-30,ライライエイサー
スーパーラクラクビスカス NA,ラクラクビスカス
ラクラクビスカス NA,ラクラクビスカス
ラグナロクサーガ /RN,ラグナロクサーガ
ラグランジェ ZR,ラグランジェ
ラストエグザイル銀翼のファム /VX,ラストエグザイル銀翼のファム
Sラストユートピア MY,ラストユートピア
ラッキーベガス /KS,ラッキーベガス
ラブキューレ /KY,ラブキューレ
Lラブキューレ2 PS,ラブキューレ
Pラブ嬢3 H1YZ6,ラブ嬢
Sパチスロラブ嬢2 L2,ラブ嬢
Pラブ嬢3 L2YR3 【LT】,ラブ嬢
Sパチスロラブ嬢2プラス L4,ラブ嬢
Pラブ嬢3 L2YR3,ラブ嬢
Lラブ嬢3 M4,ラブ嬢
パチスロラブ嬢 A1,ラブ嬢
ランブルローズ3 DZ,ランブルローズ
ランランエイサー2 /CX,ランランエイサー
ランランエイサー /EX-30,ランランエイサー
ラーゼフォン,ラーゼフォン
Pリアル鬼ごっこ2 V1B,リアル鬼ごっこ
Pリアル鬼ごっこ2 V3A,リアル鬼ごっこ
Pリアル鬼ごっこ2 V2A,リアル鬼ごっこ
eゴジラ対エヴァンゲリオン2 bA,リオ
パチスロ創聖のアクエリオン,リオ
Pシン・エヴァンゲリオン MV,リオ
PフィーバーアクエリオンW Y【設定③】,リオ
メガミリオネア M,リオ
パチスロ新世紀エヴァンゲリオン・まごころを君に2j,リオ
Pシン・エヴァンゲリオン MV 【LT】,リオ
パチスロアクエリオンEVOL,リオ
ミリオンルーレット /KU,リオ
ミリオンゴッド－神々の凱旋－BD,リオ
PフィーバーアクエリオンW Y,リオ
SアクエリオンD R,リオ
eシン・エヴァンゲリオン K,リオ
P新世紀エヴァンゲリオン シト、新生 Y,リオ
Sエヴァンゲリオンフェスティバル R,リオ
eシン・エヴァンゲリオン Z,リオ
Sスペリオーレ BB,リオ
PA新世紀エヴァンゲリオン シト、新生 決戦 YR,リオ
Sパチスロスーパーリオエース CC,リオ
リオスパ Rioの大温泉,リオ
P新世紀エヴァンゲリオン15 未来への咆哮 Y,リオ
ミリオンゴッドー神々の系譜ーゼウスUV,リオ
P新世紀エヴァンゲリオン15 未来への咆哮 F,リオ
P新世紀エヴァンゲリオン15 未来への咆哮,リオ
新世紀エヴァンゲリオン～魂の軌跡～,リオ
パチスロ新世紀エヴァンゲリオン 10j,リオ
新世紀エヴァンゲリオン～まごころを、君に～,リオ
Pシン・エヴァンゲリオン X,リオ
PフィーバーアクエリオンW Z,リオ
Lシン・エヴァンゲリオン,リオ
PAフィーバーアクエリオン6 bY,リオ
PフィーバーアクエリオンW Y【設定②】,リオ
Pフィーバーアクエリオン7 F,リオ
新世紀エヴァンゲリオン,リオ
ミリオンゴッド～神々の系譜～Ｅ,リオ
PフィーバーアクエリオンW Y【設定⑥】,リオ
新世紀エヴァンゲリオン　約束の時,リオ
P新世紀エヴァンゲリオン シト、新生 決戦W,リオ
SATロードオブヴァーミリオン Re:A,リオ
P新世紀エヴァンゲリオン　シト、新生 G,リオ
PフィーバーアクエリオンW Y【設定⑤】,リオ
パチスロ ロード オブ ヴァーミリオン Y,リオ
PフィーバーアクエリオンW Y【設定④】,リオ
パチスロ 創聖のアクエリオンIIG,リオ
Pミリオンゴッド一撃 MH,リオ
回胴性ミリオンアーサー /BN,リオ
S新世紀エヴァンゲリオン魂の共鳴 N jG,リオ
Pミリオンヴィーナス NA6,リオ
Pフィーバーアクエリオン6 bV,リオ
メガミリオネア V,リオ
パチスロ リッジレーサー２ E,リッジレーサー
スーパーリノ DX/EE,リノ
ＳスーパーリノXZZ,リノ
Lアナザーリノヘブン CC,リノ
ハイパーリノ /CC,リノ
SリノSPYTMM ,リノ
リノ NGTCC,リノ
リバティベルファイブ T,リバティベルファイブ
リュウキュウマシマシ /KC-30,リュウキュウマシマシ
リュウキュウマシマシ /KC,リュウキュウマシマシ
ハネスロ リラックマ,リラックマ
パチスロリリカルなのは KE,リリカルなのは
P魔法少女リリカルなのは2 XCB,リリカルなのは
Pリングバースディ 呪いの始まり FRX設定付,リング
Pリング呪いの7日間2 FSA,リング
Pリングバースディ 呪いの始まり FRX設定付【設定⑥】,リング
Pリング呪縛RUSH FEX設定付【設定②】,リング
Pリング 呪いの7日間2 JN,リング
Pリング呪いの7日間3 Light JVZ,リング
Pリングバースディ 呪いの始まり FRX設定付【設定⑤】,リング
Pリング呪縛RUSH FEX設定付,リング
リングにかけろ1 黄金の日本Jr.,リング
リング終焉ノ刻 FSA,リング
P新日本プロレスリング L6AU3S【設定⑥】,リング
P新日本プロレスリング L6AU3S【設定④】,リング
Sリング 運命の秒刻 FL,リング
Pリング呪いの7日間3 LT搭載 JSG,リング
PAリング バースデイ 呪いの始まり FWC,リング
Pリング 呪いの7日間2 FWA,リング
P新日本プロレスリング L6AU3S,リング
Pリングバースディ 呪いの始まり FRX設定付【設定③】,リング
P新日本プロレスリング L6AU3S【設定②】,リング
Pリング呪縛RUSH FEX設定付【設定③】,リング
P新日本プロレスリング L6AU3S【設定③】,リング
Lリングにかけろ1 FS,リング
パチスロ リング ノロイノナノカカンFSB,リング
Pリングバースディ 呪いの始まり FRX設定付【設定④】,リング
Pリング呪いの7日間3 JMA,リング
Pリングバースディ 呪いの始まり FRX設定付【設定②】,リング
リングにかけろ1 ギリシア十二神編X,リング
P新日本プロレスリング L6AU3S【設定⑤】,リング
Sリング恐襲ノ連鎖 JA,リング
Pリング呪いの7日間3 LT搭載 JSG 【LT】,リング
S /バーサスリヴァイズ /HS,リヴァイズ
ニーマルニーナナリヴァイズ2,リヴァイズ
Pルパン三世真速9 YS1Y,ルパン
Pルパン三世LAST GOLD L9BW4S【設定⑤】,ルパン
eルパン三世13 H4YZ6,ルパン
Pルパン三世13 7YR2 【LT】,ルパン
Lルパン三世大航海者の秘宝 H1,ルパン
P消されたルパンH1AZ1,ルパン
Pルパン三世LAST GOLD L9BW4S【設定②】,ルパン
Sルパン三世イタリアの夢 H5,ルパン
ルパン三世～ルパン一族の秘宝～,ルパン
eルパン三世14 L9YZ5 【LT】,ルパン
P消されたルパン9YU1Y,ルパン
Pルパン三世LAST GOLD L9BW4S,ルパン
Pルパン三世12 H1AZ2,ルパン
Pルパン三世LAST GOLD 9AU1,ルパン
Pルパン三世11 2YZ7,ルパン
Pルパン三世11 M1AY5Y,ルパン
Pルパン三世LAST GOLD L9BW4S【設定③】,ルパン
Sルパン三世 L2,ルパン
Pルパン三世LAST GOLD L9BW4S【設定④】,ルパン
Pルパン三世真速 H1YZ1,ルパン
ルパン三世ロイヤルロード B1,ルパン
Pルパン三世LAST GOLD L9BW4S【設定⑥】,ルパン
Pルパン三世13 7YR2,ルパン
eルパン三世ザファースト H4YZ3,ルパン
ルパン三世世界解剖 /K1,ルパン
Pルパン三世11 9AU1Y,ルパン
Pルパン三世14 H1YZ4,ルパン
ルパン三世消されたルパン /B4,ルパン
eルパン三世14 L9YZ5,ルパン
Pルパン三世2000カラットの涙 L2AZ1,ルパン
ルーレットクイーン /KN,ルーレットクイーン
Lレヴュースタァライト CX,レヴュースタァライト
Pロクロク L1C,ロクロク
Pロクロク L1D【設定⑥】,ロクロク
Pロクロク L1D,ロクロク
Pロクロク L1D【設定③】,ロクロク
ロストアイランド XA,ロストアイランド
ロストアイランド2 /ZS,ロストアイランド
パチスロロストプラネット2 /E2,ロストプラネット
ロックマンアビリティ /ZY,ロックマン
パチスロ ロボットガールズZ /AB,ロボットガールズZ
Sロリクラホールド DD,ロリクラホールド
ロリポップチェーンソー FSB,ロリポップチェーンソー
Pロードトゥエデン GED,ロードトゥエデン
PAロードファラオ 1AC,ロードファラオ
PAロードファラオ 1AC【設定⑥】,ロードファラオ
Pロードファラオ5 T,ロードファラオ
PAロードファラオ 1AC【設定③】,ロードファラオ
Pワイルドロデオ S2,ワイルドロデオ
Pワイルドロデオ ST2,ワイルドロデオ
ワンダフルジャック /W2,ワンダフルジャック
ワンダークーちゃん /GG,ワンダークーちゃん
ワンダーハイカ /CC,ワンダーハイカ
Sワンチャンス1K1,ワンチャンス
ワンバーワン /S2,ワンバー
SワンバーS1 -30,ワンバー
ワンバーワン /S5-30,ワンバー
Pワンパンマン M-X,ワンパンマン
PAワンパンマン N-X,ワンパンマン
Pワンパンマン L3-MX,ワンパンマン
Lワンパンマン EY,ワンパンマン
S /ワードオブライツⅡ /WF,ワードオブライツ
ヱヴァンゲリヲン・生命の鼓動R,ヱヴァンゲリヲン
PAヱヴァンゲリヲン～超覚醒～ YR【設定③】,ヱヴァンゲリヲン
Pヱヴァンゲリヲン ドラムVER. YR【設定④】,ヱヴァンゲリヲン
PAヱヴァンゲリヲン13EX YZ,ヱヴァンゲリヲン
SヱヴァンゲリヲンAT777 F,ヱヴァンゲリヲン
PAヱヴァンゲリヲン～超覚醒～ YR【設定②】,ヱヴァンゲリヲン
PAヱヴァンゲリヲン～超覚醒～ YR【設定⑥】,ヱヴァンゲリヲン
PAヱヴァンゲリヲン～超覚醒～ YR,ヱヴァンゲリヲン
Pヱヴァンゲリヲン～超覚醒～ M【設定⑥】,ヱヴァンゲリヲン
ヱヴァンゲリヲン～真実の翼,ヱヴァンゲリヲン
Pヱヴァンゲリヲン ドラムVER. YR,ヱヴァンゲリヲン
Pヱヴァンゲリヲン～超覚醒～ ,ヱヴァンゲリヲン
ヱヴァンゲリヲン･決意の刻,ヱヴァンゲリヲン
Pヱヴァンゲリヲン～超覚醒～ M【設定⑤】,ヱヴァンゲリヲン
Pヱヴァンゲリヲン～超覚醒～ M【設定②】,ヱヴァンゲリヲン
PAヱヴァンゲリヲン～超覚醒～ YR【設定⑤】,ヱヴァンゲリヲン
Pヱヴァンゲリヲン ドラムVER. YR【設定③】,ヱヴァンゲリヲン
パチスロヱヴァンゲリヲン・30MODEL S,ヱヴァンゲリヲン
Pヱヴァンゲリヲン ドラムVER. YR【設定⑤】,ヱヴァンゲリヲン
Pヱヴァンゲリヲン～超覚醒～ M【設定③】,ヱヴァンゲリヲン
Pヱヴァンゲリヲン ドラムVER. YR【設定②,ヱヴァンゲリヲン
Pヱヴァンゲリヲン～超覚醒～ M【設定④】,ヱヴァンゲリヲン
Pヱヴァンゲリヲン ドラムVER. YR【設定⑥】,ヱヴァンゲリヲン
ヱヴァンゲリヲン・希望の槍R,ヱヴァンゲリヲン
ヱヴァンゲリヲン・勝利への願い S,ヱヴァンゲリヲン
Pヱヴァンゲリヲン～超覚醒～ M,ヱヴァンゲリヲン
パチスロヱヴァンゲリヲン･魂を繋ぐものF,ヱヴァンゲリヲン
PAヱヴァンゲリヲン～超覚醒～ YR【設定④】,ヱヴァンゲリヲン
ンゴロポポス A5,ンゴロポポス
Sヴィーナスゾーン V2,ヴィーナスゾーン
P一騎当千SS3 S2C,一騎当千
一騎当千BB2,一騎当千
P一騎当千斬SS V1F ,一騎当千
一騎当千3 ,一騎当千
P一騎当千斬SS V2A ,一騎当千
P一騎当千SS3 S2C【設定③】,一騎当千
一騎当千XX3,一騎当千
P一騎当千SS3 S2C【設定②】,一騎当千
一騎当千外伝,一騎当千
P真・一騎当千～桃園の誓い～ FH-TS,一騎当千
P真・一騎当千 FH-SH,一騎当千
P真・一騎当千～桃園の誓い～ LTH-FH,一騎当千
Lパチスロ真・一騎当千 V,一騎当千
Lパチスロ真・一騎当千V,一騎当千
P真・一騎当千 FM-V,一騎当千
P真・一騎当千～桃園の誓い～ FM-JT,一騎当千
P真・一騎当千～桃園の誓い～ LTH-FH 【LT】,一騎当千
P七つの大罪 EXA,七つの大罪
Pデジハネ七つの大罪 CXE【設定②】,七つの大罪
Psin七つの大罪 V3B,七つの大罪
P七つの大罪2 GFPA,七つの大罪
P七つの大罪2 GRPH,七つの大罪
Pデジハネ七つの大罪 CXE,七つの大罪
Sパチスロ七つの大罪 XS,七つの大罪
Pデジハネ七つの大罪 CXE【設定⑤】,七つの大罪
Pデジハネ七つの大罪 CXE【設定③】,七つの大罪
Pデジハネ七つの大罪 CXE【設定④】,七つの大罪
Psin七つの大罪 V1K,七つの大罪
Pデジハネ七つの大罪 CXE【設定⑥】,七つの大罪
P七つの美徳 V1G,七つの美徳
P七つの美徳 V2A,七つの美徳
L七つの魔剣が支配する PU,七つの魔剣が支配する
L七つの魔剣が支配する,七つの魔剣が支配する
Pフィーバー三国戦騎7500,三国戦騎
パチスロ三國志 X,三國志
ルパン三世不二子Type-A+ /G6,不二子
不二子100億$の女神Y,不二子
P世界でいちばん強くなりたい MU,世界でいちばん強くなりたい
P世界でいちばん強くなりたい RHY,世界でいちばん強くなりたい
パチスロ世界でいちばん強くなりたい！ FSA,世界でいちばん強くなりたい
P世界最高の暗殺者、異世界貴族に転生する JMB,世界最高の暗殺者、異世界貴族に転生する
P世界最高の暗殺者、異世界貴族に転生する JMB 【LT】,世界最高の暗殺者、異世界貴族に転生する
P中森明菜・歌姫伝説4 LM-T,中森明菜・歌姫伝説
P中森明菜・歌姫伝説愛 KD-NS,中森明菜・歌姫伝説
P中森明菜・歌姫伝説極 KM-TF,中森明菜・歌姫伝説
P中森明菜・歌姫伝説楽KD-KT 【PB】,中森明菜・歌姫伝説
P中森明菜・歌姫伝説4 KH-JF,中森明菜・歌姫伝説
P中森明菜・歌姫伝説4 KD-TJ,中森明菜・歌姫伝説
Pぱちんこ乃木坂46 KJ2,乃木坂46
Pぱちんこ乃木坂46キュンキュンライトver. KAC1,乃木坂46
e乃木坂46Ⅱ K4,乃木坂46
Lパチスロ乃木坂46 UD,乃木坂46
Pぱちんこ乃木坂46 トレジャーver. KCJ2,乃木坂46
P乗物娘 M5-K1,乗物娘
PA乗物娘N-K YT200,乗物娘
P乗物娘 M-K1,乗物娘
乙女マスターズ空を翔る白き軌跡 /S1,乙女マスターズ
乙女魂 JV,乙女魂
P亜人 L9BY1,亜人
パチスロ亜人 /A3,亜人
P亜人 H1AZ1,亜人
L今日から俺は‼ FE,今日から俺は‼
e仮面ライダー電王 KL12 【LT】,仮面ライダー
Pぱちんこ仮面ライダー闇のライダーver. K2,仮面ライダー
パチスロ仮面ライダーBLACK KB,仮面ライダー
パチスロ仮面ライダー ZR,仮面ライダー
Lパチスロ仮面ライダー UJA,仮面ライダー
Pぱちんこ仮面ライダー轟音 M6,仮面ライダー
e仮面ライダー電王 KL12,仮面ライダー
PAぱちんこ仮面ライダー轟音 MA1,仮面ライダー
P信長の野望〜創造〜 N-K【設定③】,信長の野望
P信長の野望〜創造〜 N-K【設定②】,信長の野望
信長の野望‐創造‐ Z,信長の野望
P信長の野望〜創造〜 N-K【設定⑤】,信長の野望
P信長の野望〜創造〜 N-K【設定⑥】,信長の野望
P信長の野望〜創造〜 N-K【設定④】,信長の野望
P信長の野望〜創造〜N-K,信長の野望
パチスロ修羅の刻A,修羅の刻
P俺の妹がこんなに可愛いわけがない。 M3,俺の妹がこんなに可愛いわけがない。
S真俺の空 ST,俺の空
俺の空 蒼き正義魂,俺の空
倖田來未 LIVE IN HALLII F,倖田來未
偽物語 /ZS,偽物語
A-SLOT偽物語 /ZR,偽物語
S傷物語 FS,傷物語
月面兎兵器ミーナ,兎
兎-野性の闘牌-W,兎
Pぱちんこ冬のソナタ NA1,冬のソナタ
PAぱちんこ冬のソナタForever MA1,冬のソナタ
パチスロ冬のソナタ KJ,冬のソナタ
Pぱちんこ冬のソナタ NA1【設定⑤】,冬のソナタ
Pぱちんこ冬のソナタ NA1【設定④】,冬のソナタ
Pぱちんこ冬のソナタForever M2,冬のソナタ
Pぱちんこ冬のソナタ NA1【設定③】,冬のソナタ
Pぱちんこ冬のソナタ NA1【設定⑥】,冬のソナタ
P冬のソナタ My Memory M7,冬のソナタ
Pぱちんこ冬のソナタ NA1【設定②】,冬のソナタ
Lスロット冴えない彼女の育てかた SA3,冴えない彼女の育てかた
凄忍,凄忍
凪のあすから /NC,凪のあすから
P刀使ノ巫女 ZCa,刀使ノ巫女
P刀使ノ巫女 MHa,刀使ノ巫女
P刀使ノ巫女 GCAa,刀使ノ巫女
S / 劇場版まどか /KK,劇場版まどか
Pぱちんこ劇場霊 NM7,劇場霊
化物語 ZX,化物語
P化物語2 GRPA,化物語
P化物語2 GFPA,化物語
パチスロ北斗の拳2017 /XF,北斗の拳
e北斗の拳10 GHEG,北斗の拳
PA DD北斗の拳 主役はジャギ T3A【設定③】,北斗の拳
P DD北斗の拳3 V1C,北斗の拳
Lパチスロ北斗の拳AD XR,北斗の拳
P DD北斗の拳 主役はジャギ T1A【設定②】,北斗の拳
P DD北斗の拳 主役はジャギ T1A【設定③】,北斗の拳
P DD北斗の拳 主役はジャギ T1A【設定④】,北斗の拳
P北斗の拳8究極乱世SSF,北斗の拳
パチスロ北斗の拳AA /ZS,北斗の拳
北斗の拳 転生の章ZA,北斗の拳
P北斗の拳8覇王 FQA,北斗の拳
パチスロ北斗の拳 修羅の国 /RF,北斗の拳
パチスロ北斗の拳 強敵ZA,北斗の拳
P DD北斗の拳2 V1F,北斗の拳
P DD北斗の拳2 V2B,北斗の拳
PAデジハネ北斗の拳7天破 STJB【設定⑥】,北斗の拳
Sパチスロ北斗の拳AC LA,北斗の拳
パチスロ北斗の拳 F,北斗の拳
P DD北斗の拳 主役はジャギ T1A【設定⑤】,北斗の拳
P DD北斗の拳2 S5D,北斗の拳
PA DD北斗の拳 主役はジャギ T3A【設定⑥】,北斗の拳
PAデジハネ北斗の拳7天破 STJB【設定④】,北斗の拳
PAデジハネ北斗の拳7天破 STJB,北斗の拳
e北斗の拳10 GHEG 【LT】,北斗の拳
P DD北斗の拳 主役はジャギ T1A,北斗の拳
P北斗の拳強敵 SSPA 【LT】,北斗の拳
PAデジハネ北斗の拳7天破 STJB【設定②】,北斗の拳
P DD北斗の拳 主役はジャギ T1A【設定⑥】,北斗の拳
P DD北斗の拳2 S2A,北斗の拳
P北斗の拳8救世主 SFJE,北斗の拳
PAデジハネ北斗の拳7天破 STJB【設定③】,北斗の拳
P北斗の拳強敵 SSPA,北斗の拳
P北斗の拳 暴凶星 SFPA,北斗の拳
P北斗の拳9闘神 GFG,北斗の拳
PA DD北斗の拳 主役はジャギ T3A,北斗の拳
A-SLOT北斗の拳 強敵 /ZS,北斗の拳
PAデジハネ北斗の拳7天破 STJB【設定⑤】,北斗の拳
Sパチスロ北斗の拳AB XR,北斗の拳
P真北斗無双3 SFJ,北斗無双
P真北斗無双4 下剋上闘 GRPJ,北斗無双
PAデジハネ真北斗無双第2章 SSE,北斗無双
P真北斗無双3 覚醒闘舞 GCD,北斗無双
P真北斗無双第2章 頂上決戦 SEA,北斗無双
P真北斗無双3 ジャギの逆襲 GEE,北斗無双
P真北斗無双4 GFPH,北斗無双
Lスマスロ真北斗無双 FS,北斗無双
P真北斗無双 FWQG,北斗無双
Sパチスロ真北斗無双 ZN,北斗無双
十字架2 SD,十字架
十字架4 /NA,十字架
十字架3 /NE,十字架
S十字架5 ZA,十字架
S南国娘2 H2,南国娘
S南国娘2 MA4-30,南国娘
南国物語 /F1,南国物語
南国物語 /F5,南国物語
南国物語Type-A /F1,南国物語
S南国物語UNA2-30,南国物語
L南国育ち S3,南国育ち
南国育ちSpecial,南国育ち
キュインぱちすろ南国育ちY,南国育ち
南国育ちC /1A,南国育ち
南国育ちSpecial-30,南国育ち
P南国育ち5 9AU2,南国育ち
S南国育ち A5-30,南国育ち
南国育ちC /1A-30,南国育ち
P南国育ち5 H1AZ9,南国育ち
S/ 叛逆の物語 /FH,叛逆の物語
L吉宗ライジング SA2,吉宗
S吉宗3 EA5,吉宗
吉宗 A3,吉宗
呪怨 FSC,呪怨
S呪怨 再誕AT FC,呪怨
P咲-Saki-全国編 HTG,咲-Saki-
PA咲-Saki-阿知賀編 MBB,咲-Saki-
P咲-Saki-阿知賀編 MCD【設定④】,咲-Saki-
P咲-Saki-阿知賀編 MCD【設定⑤】,咲-Saki-
P咲-Saki-全国編 HBB,咲-Saki-
P咲-Saki-阿知賀編 MCD,咲-Saki-
P咲-Saki-阿知賀編 MCD【設定⑥】,咲-Saki-
P咲-Saki-阿知賀編 MCD【設定②】,咲-Saki-
S咲-Saki- SH,咲-Saki-
P咲-Saki-阿知賀編 MCD【設定③】,咲-Saki-
P咲‐Saki‐阿知賀編 MTC【設定③】,咲‐Saki‐阿知賀編
P咲‐Saki‐阿知賀編 MTC【設定②】,咲‐Saki‐阿知賀編
P咲‐Saki‐阿知賀編 MTC【設定⑤】,咲‐Saki‐阿知賀編
P咲‐Saki‐阿知賀編 MTC【設定⑥】,咲‐Saki‐阿知賀編
P咲‐Saki‐阿知賀編 MTC【設定④】,咲‐Saki‐阿知賀編
P咲‐Saki‐阿知賀編 MTC,咲‐Saki‐阿知賀編
Sパチスロ哲也6.1 DSN,哲也
哲也 新宿VS上野,哲也
P哲也4 AM-JV,哲也
喧嘩祭 KR,喧嘩祭
続 回胴のジャンゴ,回胴のジャンゴ
PA地獄少女 宵伽 FDZ設定付【設定②】,地獄少女
S地獄少女 あとはあなたが決めることよFD,地獄少女
PA地獄少女 宵伽 FDZ設定付,地獄少女
P地獄少女覚醒3000Ver. FHZ,地獄少女
地獄少女宵伽 FSB,地獄少女
PA地獄少女宵伽 きくりの地獄祭り FI設定付【設定②】,地獄少女
地獄少女FSA,地獄少女
PA地獄少女 宵伽 FDZ設定付【設定④】,地獄少女
PA地獄少女 宵伽 FDZ設定付【設定⑥】,地獄少女
P地獄少女 四 JG,地獄少女
P地獄少女 きくりのお祭りLIVE FWA,地獄少女
P地獄少女 Light FVB,地獄少女
PA地獄少女宵伽 きくりの地獄祭り FI設定付,地獄少女
PA地獄少女宵伽 きくりの地獄祭り FI設定付【設定⑥】,地獄少女
PA地獄少女 宵伽 FDZ設定付【設定⑤】,地獄少女
P地獄少女 華 FMB,地獄少女
PA地獄少女 宵伽 FDZ設定付【設定③】,地獄少女
夜勤病棟壱,夜勤病棟
夜王R,夜王
夢夢ワールドDX II,夢夢ワールド
夢幻の如く,夢幻の如く
PA元祖大工の源さん2 JBB,大工の源さん
P大工の源さん超韋駄天2 HLB,大工の源さん
P元祖大工の源さん WCC,大工の源さん
パチスロ大工の源さん2 炎の源祭編ZP,大工の源さん
e大工の源さん超韋駄天2 EHLD 【LT】,大工の源さん
P大工の源さん超韋駄天 YTA,大工の源さん
L大工の源さん超夢源 PH,大工の源さん
P大工の源さん超韋駄天2 HLB 【LT】,大工の源さん
パチスロ大工の源さん桜満開 KF,大工の源さん
PA元祖大工の源さん WBE,大工の源さん
P大工の源さん超韋駄天ブラック CS,大工の源さん
P大工の源さん超韋駄天 YBB,大工の源さん
e大工の源さん超韋駄天2 EHLD,大工の源さん
元祖!大江戸桜吹雪 Z,大江戸桜吹雪
大漁ⅡT,大漁
大神 /ZS,大神
P大線香花火 X,大線香花火
S大花満 SB,大花満
大逆転,大逆転
P大開王 X,大開王
S真天下布武 DD,天下布武
天下布武3 /ZZ,天下布武
天下布武 2,天下布武
S天下布武4 HH,天下布武
パチスロ天元突破グレンラガン極 /SA,天元突破グレンラガン
S AT天元突破グレンラガン Y,天元突破グレンラガン
P天才バカボン7～福神スペック～ LTH-JH 【LT】,天才バカボン
P天才バカボン6 FN-F,天才バカボン
P天才バカボン7～福神スペック～ LTH-JH,天才バカボン
PA天才バカボン7 FD-TT 【LT】,天才バカボン
パチスロ天才バカボン7,天才バカボン
PA天才バカボン7 FD-TT,天才バカボン
P天才バカボン7 FM-JV,天才バカボン
P天才バカボン6 FD-RS,天才バカボン
天空のシンフォニア～光を求めて,天空のシンフォニア
天空のシンフォニア,天空のシンフォニア
天誅Deadly-Blow -Z,天誅
P天龍∞SEVEN M,天龍
P天龍∞SEVEN B,天龍
P天龍∞2 V,天龍
P天龍∞ 2000,天龍
P天龍∞SEVEN R1,天龍
PA女子ザジャイアント YF【設定②】,女子ザジャイアント
PA女子ザジャイアント YF【設定③】,女子ザジャイアント
PA女子ザジャイアント YF【設定⑤】,女子ザジャイアント
PA女子ザジャイアント YF,女子ザジャイアント
PA女子ザジャイアント YF【設定④】,女子ザジャイアント
PA女子ザジャイアント YF【設定⑥】,女子ザジャイアント
P女神覚醒0.2秒の祝福 S1C,女神覚醒
P天昇！姫相撲～大横綱ver～ AC-T,姫相撲
P宇宙戦艦ヤマト2199 ETB,宇宙戦艦ヤマト
P宇宙戦艦ヤマト2202-3 G,宇宙戦艦ヤマト
宇宙戦艦ヤマト2199 /ZX,宇宙戦艦ヤマト
P宇宙戦艦ヤマト2199 ETJA,宇宙戦艦ヤマト
P宇宙戦艦ヤマト2202 ONLY ONE YR,宇宙戦艦ヤマト
P宇宙戦艦ヤマト2202 bS,宇宙戦艦ヤマト
パチスロ宇宙戦艦ヤマト2,宇宙戦艦ヤマト
P宇宙戦艦ヤマト2202 bH,宇宙戦艦ヤマト
P宇宙戦艦ヤマト2202 ONLY ONE R,宇宙戦艦ヤマト
パチスロ「宇宙戦艦ヤマト」,宇宙戦艦ヤマト
S実況BINGO倶楽部 KU,実況BINGO倶楽部
P寄生獣 MG,寄生獣
S対魔導学園35試験小隊 H1,対魔導学園35試験小隊
P覇穹 封神演義 DL3-MX,封神演義
島唄 R,島唄
S BIG島唄 E2-30,島唄
ねぇ～ねぇ～島娘2,島娘
L島娘 L2,島娘
P巨人の星2 -RFY,巨人の星
P巨人の星2 -RFY【設定⑤】,巨人の星
P巨人の星2 -RFY【設定⑥】,巨人の星
P巨人の星一球入魂3000 MH,巨人の星
PA巨人の星 明子2000Ver RAY,巨人の星
P巨人の星2 -RFY【設定②】,巨人の星
パチスロ巨人の星情熱編 /S3,巨人の星
PA巨人の星2 -RLY【設定⑥】,巨人の星
PA巨人の星2 -RLY,巨人の星
巨人の星 V,巨人の星
PA巨人の星2 -RLY【設定⑤】,巨人の星
PA巨人の星2 -RLY【設定②】,巨人の星
P平家物語RELOADED Y2C,平家物語
P平家物語RELOADED Y2C【設定③】,平家物語
P平家物語RELOADED Y2C【設定②】,平家物語
幻想水滸伝,幻想水滸伝
Sパチスロ幼女戦記 ZR,幼女戦記
P真・座頭市物語 DL-MX 【LT】,座頭市物語
P真・座頭市物語 DL-MX,座頭市物語
TVアニメーション弱虫ペダル /Y1,弱虫ペダル
P彼岸島 RPY,彼岸島
御伽屋HANZO ZZ,御伽屋HANZO
Pぱちんこ必殺仕事人総出陣-A3,必殺仕事人
Pぱちんこ必殺仕事人総出陣-A3【設定③】,必殺仕事人
Pぱちんこ必殺仕事人総出陣-A3【設定④】,必殺仕事人
Pぱちんこ必殺仕事人総出陣-A3【設定⑤】,必殺仕事人
Pぱちんこ必殺仕事人総出陣-A3【設定⑥】,必殺仕事人
Pぱちんこ必殺仕事人総出陣-A3【設定②】,必殺仕事人
パチスロ必殺仕事人 B,必殺仕事人
L新・必殺仕置人 KC,必殺仕置人
eぱちんこ新必殺仕置人 激闘K6,必殺仕置人
e新・必殺仕置人～超斬撃～ K3,必殺仕置人
PAぱちんこ新必殺仕置人TURBO-A8,必殺仕置人
e新・必殺仕置人～超斬撃～ K3 【LT】,必殺仕置人
Pぱちんこ新必殺仕置人 K3,必殺仕置人
P忍者ハットリくん4 AM-S,忍者ハットリくん
P忍者ハットリくん4 AG-S,忍者ハットリくん
L忍魂参～奥義皆伝ノ章～ A3,忍魂参
忍魂弐 A2,忍魂弐
忍魂暁ノ章 /A2,忍魂暁ノ章
ゴウエンコウコウオウエンダン Z,応援団
Sゴウエンコウコウオウエンダンゲキ CC,応援団
恐怖新聞 第二章,恐怖新聞
恵比寿マスカッツ Y,恵比寿マスカッツ
悪魔城ドラキュラⅡ,悪魔城ドラキュラ
悪魔城ドラキュラLoS /KD,悪魔城ドラキュラ
悪魔城ドラキュラⅢＹ,悪魔城ドラキュラ
P愛の不時着 MF,愛の不時着
S戦コレ！徳川家康 KE,戦コレ！徳川家康
戦人上杉謙信 KH,戦人上杉謙信
戦国BASARA HP /ZX,戦国BASARA
戦国BASARA 2,戦国BASARA
P戦国BASARA L4-7V1,戦国BASARA
戦国BASARA3 ZV,戦国BASARA
PA戦国BASARA N-5V1,戦国BASARA
L戦国BASARAギガ ZE,戦国BASARA
S戦国コレクション4 KF,戦国コレクション
P戦国コレクション LU,戦国コレクション
S戦国コレクション5 PS,戦国コレクション
PA戦国コレクション AN,戦国コレクション
P戦国コレクション AH,戦国コレクション
戦国コレクション3 /KR,戦国コレクション
戦国コレクション2 KS,戦国コレクション
戦国コレクション TU,戦国コレクション
L戦国コレクション5 GJ,戦国コレクション
P戦国コレクションブラック LA,戦国コレクション
戦国乙女Type-A /D5,戦国乙女
PA戦国乙女レジェンドバトル89GO 2 【PB】,戦国乙女
P戦国乙女5 M1BU2S【設定③】,戦国乙女
L戦国乙女4 S3,戦国乙女
PA戦国乙女レジェンドバトル89GO 2【PB機】,戦国乙女
P戦国乙女7 L9YY7 【LT】,戦国乙女
P戦国乙女6 M2AZ1Y,戦国乙女
S戦国乙女3 天剣を継ぐもの H3,戦国乙女
P戦国乙女5 9AU1,戦国乙女
P戦国乙女7 L9YY7,戦国乙女
S戦国乙女 暁の関ケ原 L7,戦国乙女
戦国乙女2 深淵に輝く気高き将星/D2,戦国乙女
P戦国乙女5 M1BU2S【設定⑥】,戦国乙女
戦国乙女剣戟に舞う白き剣聖 A1,戦国乙女
P戦国乙女5 M1BU2S,戦国乙女
P戦国乙女レジェンドバトル M2AZ1Y,戦国乙女
P戦国乙女5 M1BU2S【設定④】,戦国乙女
P戦国乙女5 M1BU2S【設定⑤】,戦国乙女
P戦国乙女5 M1BU2S【設定②】,戦国乙女
戦国乙女Type-A+ /D4,戦国乙女
戦国乙女剣戟に舞う白き剣聖西国参戦編L2,戦国乙女
P戦国乙女レジェンドバトル9 YU1Y,戦国乙女
P戦国乙女6 M9AU1Y,戦国乙女
パチスロ戦国嵐 KG,戦国嵐
S戦国恋姫 FC,戦国恋姫
P戦国恋姫 Vチャージver JCC,戦国恋姫
パチスロ戦国無双～猛将伝～,戦国無双
Sパチスロ戦国無双3 ZYTCD,戦国無双
戦国物語 Y,戦国物語
パチスロ戦場のヴァルキュリア /RS,戦場のヴァルキュリア
Pフィーバー戦姫絶唱シンフォギア 黄金絶唱 YR ,戦姫絶唱シンフォギア
eフィーバー戦姫絶唱シンフォギア4 F,戦姫絶唱シンフォギア
Pフィーバー戦姫絶唱シンフォギア YR,戦姫絶唱シンフォギア
Pフィーバー戦姫絶唱シンフォギア2,戦姫絶唱シンフォギア
パチスロ戦姫絶唱シンフォギア S,戦姫絶唱シンフォギア
L戦姫絶唱シンフォギア 正義の歌 jA,戦姫絶唱シンフォギア
eフィーバー戦姫絶唱シンフォギア4 F 【LT】,戦姫絶唱シンフォギア
Pフィーバー戦姫絶唱シンフォギア 黄金絶唱 N,戦姫絶唱シンフォギア
Pフィーバー戦姫絶唱シンフォギア2 S,戦姫絶唱シンフォギア
Pフィーバー戦姫絶唱シンフォギア4 Z,戦姫絶唱シンフォギア
Pフィーバー戦姫絶唱シンフォギア2 YR,戦姫絶唱シンフォギア
Pフィーバー戦姫絶唱シンフォギア4 Z 【LT】,戦姫絶唱シンフォギア
S戦姫絶唱シンフォギア 勇気の歌NAT G,戦姫絶唱シンフォギア
戦律のストラタス JW,戦律のストラタス
戦空のキセキAC,戦空のキセキ
押忍!操,押忍!操
Pぱちんこ押忍!番長2 A02【設定②】,押忍!番長
Pぱちんこ押忍!番長2 L01【設定⑤】,押忍!番長
Pぱちんこ押忍!番長2 A02【設定⑤】,押忍!番長
Pぱちんこ押忍!番長2 L01【設定③】,押忍!番長
Pぱちんこ押忍!番長2 A02,押忍!番長
Pぱちんこ押忍!番長2 A02【設定⑥】,押忍!番長
Pぱちんこ押忍!番長2 L01,押忍!番長
Pぱちんこ押忍!番長2 L01【設定④】,押忍!番長
Pぱちんこ押忍!番長2 A02【設定③】,押忍!番長
Pぱちんこ押忍!番長2 L01【設定②】,押忍!番長
Pぱちんこ押忍!番長2 A02【設定④】,押忍!番長
Pぱちんこ押忍!番長2 L01【設定⑥】,押忍!番長
L押忍！番長4 A3,押忍！番長
押忍！番長A /A3,押忍！番長
eぱちんこ押忍！番長 漢の頂,押忍！番長
eぱちんこ押忍！番長 漢の頂 【LT】,押忍！番長
押忍！番長3 /A5,押忍！番長
S押忍！番長ZERO PC1,押忍！番長
探偵物語TURBO,探偵物語
P攻殻機動隊SAC_2045 LTH-TS 【LT】,攻殻機動隊
P攻殻機動隊SAC_2045 LTH-TS,攻殻機動隊
攻殻機動隊2 /ZS,攻殻機動隊
攻殻機動隊 F,攻殻機動隊
S政宗3 CA5,政宗
政宗2 /A5,政宗
S政宗 戦極 A5,政宗
政宗,政宗
旋風の用心棒 胡蝶の記憶,旋風の用心棒
P春一番～花札昇舞～ GLB【設定③】,春一番
P春一番～恋絵巻～ ZE,春一番
P春一番～花札昇舞～ MC【設定⑥】,春一番
S春一番 DE,春一番
P春一番～花札昇舞～ MC【設定④】,春一番
P春一番～花札昇舞～ GLB,春一番
P春一番～花札昇舞～ MC【設定②】,春一番
P春一番～恋絵巻～ GC250A,春一番
P春一番～恋絵巻～ MB,春一番
P春一番～花札昇舞～ GLB【設定⑤】,春一番
P春一番～恋絵巻～ GC250XA,春一番
P春一番～花札昇舞～ MC,春一番
PA春一番～花札昇舞～ GO 【PB】,春一番
P春一番～花札昇舞～ GLB【設定④】,春一番
P春一番～花札昇舞～ MC【設定③】,春一番
P春一番～花札昇舞～ GLB【設定②】,春一番
P春一番～花札昇舞～ GLB【設定⑥】,春一番
P春一番～花札昇舞～ MC【設定⑤】,春一番
PA春一番～花札昇舞～ GO【PB】,春一番
P春夏秋冬 MA,春夏秋冬
P春夏秋冬 GLB,春夏秋冬
P春夏秋冬 ZB,春夏秋冬
P真・暴れん坊将軍双撃 FMG,暴れん坊将軍
P暴れん坊将軍 炎獄鬼神の怪 FW設定付,暴れん坊将軍
P暴れん坊将軍 炎獄鬼神の怪 FSZ設定付,暴れん坊将軍
P暴れん坊将軍 炎獄鬼神の怪 FW設定付【設定⑥】,暴れん坊将軍
PA真・暴れん坊将軍99Ver. FWZ,暴れん坊将軍
P暴れん坊将軍 炎獄鬼神の怪 FHX,暴れん坊将軍
P暴れん坊将軍 炎獄鬼神の怪 FSZ設定付【設定⑥】,暴れん坊将軍
幕末浪漫 月華の剣士外伝,月華
S月華 ZC,月華
未来少年コナン,未来少年コナン
パチスロ未来日記 W,未来日記
Sパチスロ東京レイヴンズ JX,東京レイヴンズ
L東京喰種 CT,東京喰種
L桃太郎電鉄定番 PU,桃太郎電鉄
P桜花忍法帖 MD,桜花忍法帖
P桜花忍法帖 SA,桜花忍法帖
S楽園追放 FS,楽園追放
PAフィーバー機動戦士ガンダム逆襲のシャア Y,機動戦士ガンダム
Pフィーバー機動戦士ガンダム 逆襲のシャア Z,機動戦士ガンダム
S機動戦士ガンダムユニコーン sF,機動戦士ガンダム
Pフィーバー機動戦士ガンダムSEED YZ 【LT】,機動戦士ガンダム
パチスロ機動戦士ガンダム・覚醒 CB,機動戦士ガンダム
PAフィーバー機動戦士ガンダムユニコーン bY,機動戦士ガンダム
eフィーバー機動戦士ガンダムユニコーン2 R 【LT】,機動戦士ガンダム
Pフィーバー機動戦士ガンダムユニコーン2 S,機動戦士ガンダム
Pフィーバー機動戦士ガンダムSEED S,機動戦士ガンダム
パチスロ機動戦士ガンダムFW,機動戦士ガンダム
eフィーバー機動戦士ガンダムユニコーン2 R,機動戦士ガンダム
Pフィーバー機動戦士ガンダムSEED YZ,機動戦士ガンダム
Pフィーバー機動戦士ガンダムユニコーン b,機動戦士ガンダム
パチスロ機動戦士Ｚガンダム S,機動戦士Ｚガンダム
機動戦艦ナデシコ,機動戦艦ナデシコ
機動警察パトレイバー /KH,機動警察パトレイバー
機甲戦記ドラグナーXS,機甲戦記ドラグナー
S武装神姫 PF,武装神姫
パチスロ水戸黄門 KJ,水戸黄門
Pぱちんこ水戸黄門4 KACJ1,水戸黄門
Pぱちんこ水戸黄門4 KC1,水戸黄門
P江頭2:50inナナシー V3 【LT】,江頭2:50
P江頭2:50inナナシー V3,江頭2:50
P沖7BLACK【設定⑥】,沖7BLACK
P沖7BLACK【設定④】,沖7BLACK
P沖7BLACK,沖7BLACK
P沖7BLACK【設定③】,沖7BLACK
P沖7BLACK【設定②】,沖7BLACK
S沖っ娘25 /A4,沖っ娘
S/ 沖ドキ！GOLD /LS,沖ドキ
S / 沖ドキ！BLACK /GS,沖ドキ
沖ドキ！パラダイス HH-30,沖ドキ
S/ 沖ドキ！GOLD /GS,沖ドキ
沖ドキ!LL -30,沖ドキ
沖ドキ！バケーション NN,沖ドキ
沖ドキ！バケーション NN-30,沖ドキ
沖ドキ！トロピカル HH,沖ドキ
S / 沖ドキ！BLACK /EP,沖ドキ
沖ドキ!LL,沖ドキ
沖ドキ！トロピカルHH-30,沖ドキ
S /沖ドキ！DUO /DK-30,沖ドキ
S /沖ドキ！DUO /DH,沖ドキ
S/ 沖ドキ！2 /SA-30,沖ドキ
沖ドキ！パラダイス HA,沖ドキ
S / 沖ドキ！BLACK /XA,沖ドキ
Sパチスロ沖ハナ SPMA,沖ハナ
S沖縄フェスティバルEX -30,沖縄フェスティバル
Pカイジ沼4 S2A,沼
P沼～圧倒的三段クルーン～ Z,沼
P弾球黙示録カイジ沼5 V1U,沼
Pカイジ沼4 S2A【設定③】,沼
Pカイジ沼4 S2A【設定⑥】,沼
Pカイジ沼4 S1B,沼
Sカイジ沼 KR,沼
P弾球黙示録カイジ沼5 V2A,沼
P沼 A,沼
S /泡盛 /EA,泡盛
P浜崎あゆみ KG-F【設定⑥】,浜崎あゆみ
P浜崎あゆみ KG-F【設定③】,浜崎あゆみ
P浜崎あゆみ KG-JJF,浜崎あゆみ
P浜崎あゆみ KG-F【設定②】,浜崎あゆみ
P浜崎あゆみ KG-F【設定⑤】,浜崎あゆみ
P浜崎あゆみ KG-F【設定④】,浜崎あゆみ
P浜崎あゆみ KG-F,浜崎あゆみ
Pスーパー海物語IN沖縄2 SAHS【設定⑥】,海物語
Pスーパー海物語IN沖縄2 SAHS【設定②】,海物語
Pドラム海物語IN沖縄桜 SBE【設定⑤】,海物語
PA大海物語4スペシャル RBA,海物語
パチスロ大海物語4 KF,海物語
Sスーパー海物語 IN JAPAN祭 PE,海物語
P大海物語5スペシャル ALTA,海物語
PAドラム海物語IN沖縄 SBG【設定⑤】,海物語
PAドラム海物語IN沖縄 SBG【設定③】,海物語
パチスロ大海物語 KD,海物語
P大海物語5 HCL,海物語
大海物語4withすーぱーそに子 KD,海物語
Pドラム海物語IN沖縄桜 SBE【設定④】,海物語
Pスーパー海物語IN沖縄2 SAHS【設定⑤】,海物語
PA新海物語 ARBB,海物語
PA海物語3R2スペシャル MBA,海物語
PAスーパー海物語IN地中海2 HLA,海物語
PAドラム海物語IN沖縄 SBG【設定④】,海物語
P海物語 E,海物語
Pスーパー海物語IN沖縄5 YTC,海物語
パチスロスーパー海物語 KH,海物語
Pドラム海物語IN沖縄桜 SBE,海物語
S Lucky海物語 KH,海物語
PAスーパー海物語IN地中海2 HLA 【LT】,海物語
Pスーパー海物語IN沖縄5 STA,海物語
PAドラム海物語IN沖縄 SBG,海物語
パチスロスーパー海物語IN沖縄2 KK,海物語
P大海物語5 MTE2,海物語
Pスーパー海物語IN沖縄5 LTV,海物語
Pスーパー海物語IN沖縄2 SAHS,海物語
Pちょいパチ海物語3R2 A,海物語
PA海物語3R2 F,海物語
Pドラム海物語IN沖縄桜 SBE【設定⑥】,海物語
Pスーパー海物語IN沖縄2 SAHS【設定④】,海物語
e大海物語5スペシャル ELTA4,海物語
Pスーパー海物語INジャパン2 MTR,海物語
PAスーパー海物語IN地中海 SBA,海物語
Pドラム海物語IN沖縄桜 SBE【設定②】,海物語
Pスーパー海物語INジャパン2 SCB,海物語
PAドラム海物語INジャパン RBB,海物語
Pスーパー海物語IN沖縄2 SAHS【設定③】,海物語
PAドラム海物語IN沖縄 SBG【設定⑥】,海物語
Pドラム海物語IN沖縄桜 SBE【設定③】,海物語
Pスーパー海物語INジャパン2 STB,海物語
PAスーパー海物語IN沖縄5 SBA,海物語
Pスーパー海物語IN沖縄5 SCF,海物語
パチスロスーパー海物語IN沖縄,海物語
パチスロスーパー海物語IN沖縄-30,海物語
PA大海物語5 ARBC,海物語
PAドラム海物語IN沖縄 SBG【設定②】,海物語
Pスーパー海物語INジャパン2 MTR【設定⑥】,海物語
PAドラム海物語IN沖縄 GO4,海物語
パチスロ海物語ミラクルマリン KD,海物語
e新海物語349 ELTH,海物語
Pまわるん大海物語4スペシャル RBA,海物語
PAスーパー海物語IN沖縄5 YBA,海物語
PAスーパー海物語INジャパン2 MG,海物語
P大海物語4スペシャル SCA,海物語
PAスーパー海物語INジャパン2 RA,海物語
パチスロ涼宮ハルヒ S,涼宮ハルヒ
Pちょいパチ清流物語3 XBG,清流物語
PA清流物語3 XBA,清流物語
P清流物語4 HLC,清流物語
PA清流物語3 XBA【設定⑤】,清流物語
PA清流物語3 XBA【設定④】,清流物語
PA清流物語3 XBA【設定⑥】,清流物語
PA清流物語3 XBA【設定③】,清流物語
PA清流物語3 XBA【設定②】,清流物語
P清流物語4 HLC 【LT】,清流物語
湘南純愛組!ーZ,湘南純愛組!
P満開まつり GO1【PB機】,満開まつり
P満開まつり GO1 【PB】,満開まつり
P満開爛漫 GO 【PB】,満開爛漫
P満開爛漫 GO【PB機】,満開爛漫
PA満開花火 GO 【PB】,満開花火
PA満開花火 GO【PB機】,満開花火
P火曜サスペンス劇場3 GFC,火曜サスペンス劇場
PAデジハネ火曜サスペンス劇場3 GSA,火曜サスペンス劇場
パチスロ火曜サスペンス劇場 /ZZ,火曜サスペンス劇場
P炎のドラム魂 GA【設定⑤】,炎のドラム魂
P炎のドラム魂 GA【設定⑥】,炎のドラム魂
P炎のドラム魂 GA【設定②】,炎のドラム魂
P炎のドラム魂 GA【設定③】,炎のドラム魂
P炎のドラム魂 GA,炎のドラム魂
P炎のドラム魂 GA【設定④】,炎のドラム魂
炎の熱血教師～清原、健介、北斗編～,炎の熱血教師
Pフィーバー炎炎ノ消防隊 G,炎炎ノ消防隊
S炎炎ノ消防隊 jS,炎炎ノ消防隊
Pフィーバー炎炎ノ消防隊 YR,炎炎ノ消防隊
L炎炎ノ消防隊 jG,炎炎ノ消防隊
P烈火の炎3 9AS1,烈火の炎
P烈火の炎3 H1AZ4,烈火の炎
烈火の炎 Z,烈火の炎
P烈火の炎3 B40000H1AZ2,烈火の炎
パチスロムソウオロチDD,無双OROCHI
熊酒場2 /NC,熊酒場
熱血!華成学園～正義参上～ XF,熱血!華成学園
S燃えチバ GNC-30,燃えチバ
爆走列島（バクソウレットウT）,爆走列島
ギラギラ爺サマー,爺サマー
P真・牙狼2 -RP,牙狼
P真・牙狼 RS,牙狼
PA設定付牙狼GOLDSTORM翔 RH,牙狼
P牙狼コレクション RJ【設定⑥】,牙狼
P牙狼コレクション MA【設定②】,牙狼
P牙狼11～冴島大河～ XX-MU,牙狼
P激デジ真・牙狼 RBY4,牙狼
P牙狼MUSEUM -MA【設定⑤】,牙狼
P牙狼コレクション MA【設定③】,牙狼
P牙狼月虹ノ旅人絆 XX-NH,牙狼
P牙狼コレクション RJ【設定④】,牙狼
P牙狼ゴールドインパクト XX-MZ,牙狼
SLOT牙狼XG,牙狼
P牙狼MUSEUM -MA【設定④】,牙狼
PA設定付牙狼GOLDSTORM翔 RH【黄金設定】,牙狼
P牙狼コレクション RJ,牙狼
P牙狼コレクション RJ【設定⑤】,牙狼
P牙狼コレクション RJ【設定③】,牙狼
P牙狼コレクション RJ【設定②】,牙狼
牙狼 守りし者 /ZX,牙狼
P牙狼コレクション MA【設定④】,牙狼
P牙狼MUSEUM -MA【設定③】,牙狼
P牙狼MUSEUM -MA【設定②】,牙狼
P牙狼冴島鋼牙 XX-MU,牙狼
S牙狼-黄金騎士- SA4,牙狼
P牙狼コレクション MA【設定⑥】,牙狼
P牙狼 MAXX-MC,牙狼
PA激デジ牙狼月虹ノ旅人 -RL,牙狼
P牙狼MUSEUM -MA【設定⑥】,牙狼
P牙狼MUSEUM -MA,牙狼
P牙狼コレクション MA【設定⑤】,牙狼
P牙狼コレクション MA,牙狼
Pデジハネ物語セカンドシーズン GSA,物語セカンドシーズン
S物語セカンドシーズン XA,物語セカンドシーズン
P物語セカンドシーズン GEE,物語セカンドシーズン
P犬夜叉2 FM-N,犬夜叉
S犬夜叉 CAN,犬夜叉
犬夜叉 /ZX,犬夜叉
L犬夜叉2 FK,犬夜叉
P犬夜叉 AS-V,犬夜叉
猛虎花形 CC,猛虎花形
P獅子王,獅子王
PA獅子王,獅子王
獣王 王者の覚醒 /ZA,獣王
獣王 ZS,獣王
P超ハネ獣王 SMA,獣王
S猛獣王 王者の咆哮 ZZ,獣王
S琉神RZ-30スイカバージョン,琉神
S琉金 ET-30,琉金
S/ 甲賀忍法帖 /LL,甲賀忍法帖
P甲鉄城のカバネリ GFB,甲鉄城のカバネリ
P甲鉄城のカバネリ SFPA,甲鉄城のカバネリ
S パチスロ甲鉄城のカバネリ ZR,甲鉄城のカバネリ
P甲鉄城のカバネリ GEE,甲鉄城のカバネリ
あああ,申し訳ありませんが、「あああ」という名称からは特定のブランド名を抽出することができません。具体的なブランド名が含まれていないためです。もし他の名称があればお知らせください。
番長外伝 盗忍！剛衛門 /A8,番長外伝 盗忍！剛衛門
P異世界魔王 L3-X,異世界魔王
P白魔女学園 V2B,白魔女学園
P白魔女学園 V1A,白魔女学園
P百花繚乱 FM-JF,百花繚乱
S百花繚乱サムライガールズ ZA,百花繚乱
P百花繚乱 FH-TF,百花繚乱
パチスロ百花繚乱サムライガールズDK,百花繚乱
Sパチスロ盾の勇者の成り上がり KS,盾の勇者の成り上がり
P盾の勇者の成り上がり GFPC,盾の勇者の成り上がり
P盾の勇者の成り上がり GFPC 【LT】,盾の勇者の成り上がり
真田純勇士ラブストライク X,真田純勇士
真田純勇士すぺしゃる W,真田純勇士
真田純勇士,真田純勇士
パチスロ真･三國無双,真･三國無双
神たま2～あっぱれ超みこし祭～,神たま
神の左手悪魔の右目 /HC,神の左手悪魔の右目
クレアの秘宝伝 K,秘宝伝
クレアの秘宝伝 眠りの塔と目覚めの石 /A2,秘宝伝
クレアの秘宝伝 女神の夢と魔法の遺跡 /P4,秘宝伝
秘宝伝～封じられた女神～,秘宝伝
秘宝伝Rev. /A4,秘宝伝
S CREA～Newクレアの秘宝伝～ A2,秘宝伝
S秘宝伝 解き放たれた女神S A1,秘宝伝
秘宝伝 伝説への道/A4,秘宝伝
Sもっと！クレアの秘宝伝 女神の歌声と太陽の子供達 PA2,秘宝伝
秘宝伝 The Last /A3,秘宝伝
秘宝伝太陽を求める者達 M,秘宝伝
PA究極神判AINK,究極神判
P競女319 M5A,競女
PA競女 V3A,競女
P競女199 L1A,競女
S笑ゥせぇるすまん 絶笑 SJ,笑ゥせぇるすまん
P笑ゥせぇるすまん最後の忠告 MPY2,笑ゥせぇるすまん
パチスロ 笑ゥせぇるすまんＫＫ,笑ゥせぇるすまん
パチスロ笑ゥせぇるすまん2 KF,笑ゥせぇるすまん
PA笑ゥせぇるすまん RGY【設定③】,笑ゥせぇるすまん
PA笑ゥせぇるすまん RGY,笑ゥせぇるすまん
P笑ゥせぇるすまん RCY2,笑ゥせぇるすまん
PA激デジ笑ゥせぇるすまん最後の忠告 MPY,笑ゥせぇるすまん
PA笑ゥせぇるすまん RGY【設定⑥】,笑ゥせぇるすまん
パチスロ笑ゥせぇるすまん3 KJ,笑ゥせぇるすまん
S笑ゥせぇるすまん4 KH,笑ゥせぇるすまん
P笑点 MU,笑点
結城友奈は勇者である /DE,結城友奈は勇者である
P結城友奈は勇者である GC250Ba,結城友奈は勇者である
P結城友奈は勇者である ALL RUSH GCAa,結城友奈は勇者である
P結城友奈は勇者である ALL RUSH RFa,結城友奈は勇者である
P結城友奈は勇者である MAa,結城友奈は勇者である
絶対衝激2G,絶対衝激
S絶対衝激Ⅲ SS,絶対衝激
P10カウントチャージ絶狼 MC,絶狼
P10カウントチャージ絶狼135 -RH,絶狼
S緋弾のアリアⅡ JZ,緋弾のアリア
P緋弾のアリアAA FE設定付,緋弾のアリア
P緋弾のアリアAA FE設定付【設定④】,緋弾のアリア
P緋弾のアリアAA FE設定付【設定②】,緋弾のアリア
P緋弾のアリア～緋緋神降臨～199Ver.FQU,緋弾のアリア
P緋弾のアリア～緋弾覚醒編～ FVA,緋弾のアリア
PA緋弾のアリアⅢ FW設定付,緋弾のアリア
P緋弾のアリアAA FE設定付【設定③】,緋弾のアリア
PA緋弾のアリアAA JD設定付,緋弾のアリア
P緋弾のアリアAA FE設定付【設定⑥】,緋弾のアリア
P緋弾のアリア～緋弾覚醒編～319Ver. JMZ,緋弾のアリア
PA緋弾のアリア～緋弾覚醒編～ FRA,緋弾のアリア
P緋弾のアリアⅢ FUZ設定付,緋弾のアリア
緋弾のアリアFSB,緋弾のアリア
P緋弾のアリア～緋緋神降臨～ LT搭載 FSZ 【LT】,緋弾のアリア
P緋弾のアリア～緋緋神降臨～ LT搭載 FSZ,緋弾のアリア
P緋弾のアリアAA FE設定付【設定⑤】,緋弾のアリア
緑ドンVIVA2 MR,緑ドン
緑ドン3-D,緑ドン
緑ドンVIVA!情熱南米編,緑ドン
P織田信奈の野望 全国版 MGa,織田信奈の野望
S織田信奈の野望 全国版 TA,織田信奈の野望
P織田信奈の野望 全国版 GC250Aa,織田信奈の野望
織田信奈の野望 S,織田信奈の野望
ピカれ!アイランドFSA（パチスロ美ラメキ!）,美ラメキ
P美夏美華パラダイス M-V【設定④】,美夏美華パラダイス
P美夏美華パラダイス M-V【設定⑤】,美夏美華パラダイス
P美夏美華パラダイス M-V【設定⑥】,美夏美華パラダイス
P美夏美華パラダイス M-V【設定②】,美夏美華パラダイス
P美夏美華パラダイス M-V【設定③】,美夏美華パラダイス
P美夏美華パラダイス M-V,美夏美華パラダイス
P義風堂々!!～兼続と慶次～2 N-X,義風堂々!!
P義風堂々!!～兼続と慶次～2 M6-X ,義風堂々!!
P義風堂々!!～兼続と慶次～2 M3-X ,義風堂々!!
義風堂々!!～兼続と慶次～ EM,義風堂々!!
e義風堂々！！～兼続と慶次～3DM5-S,義風堂々！！
P義風堂々！！～兼続と慶次～3 M3-X,義風堂々！！
P義風堂々！！～兼続と慶次～3 M3-X 【LT】,義風堂々！！
翠星のガルガンティアS,翠星のガルガンティア
P翠星のガルガンティア KS【設定⑤】,翠星のガルガンティア
P翠星のガルガンティア KS【設定③】,翠星のガルガンティア
P翠星のガルガンティア KS【設定④】,翠星のガルガンティア
P翠星のガルガンティア KS【設定⑥】,翠星のガルガンティア
P翠星のガルガンティア KS【設定②】,翠星のガルガンティア
P翠星のガルガンティア KS,翠星のガルガンティア
P聖戦士ダンバイン2 ZERO LIMIT H SFJA,聖戦士ダンバイン
Lスマスロ聖戦士ダンバイン MF,聖戦士ダンバイン
Lスマスロ聖戦士ダンバイン RR,聖戦士ダンバイン
Pデジハネ聖戦士ダンバイン2 SSPB,聖戦士ダンバイン
パチスロ聖闘士星矢 KK,聖闘士星矢
S聖闘士星矢 冥王復活 JH,聖闘士星矢
L聖闘士星矢海皇覚醒 ED,聖闘士星矢
S聖闘士星矢 海皇覚醒 SP-KF,聖闘士星矢
P聖闘士星矢超流星 HTB,聖闘士星矢
PA聖闘士星矢4 XBD【設定⑥】,聖闘士星矢
パチスロ聖闘士星矢女神聖戦 KD,聖闘士星矢
e聖闘士星矢超流星 EHTA,聖闘士星矢
PA聖闘士星矢4 XBD,聖闘士星矢
パチスロ聖闘士星矢黄金激闘編 YL,聖闘士星矢
P聖闘士星矢超流星 HTC15,聖闘士星矢
パチスロ聖闘士星矢海皇覚醒 KH,聖闘士星矢
PA聖闘士星矢4 XBD【設定④】,聖闘士星矢
P聖闘士星矢 超流星 AHBC,聖闘士星矢
舞－HiME,舞－HiME
花の慶次～戦極めし傾奇者の宴～EP,花の慶次
P花の慶次～傾奇一転 L-MX 【LT】,花の慶次
PA花の慶次～蓮 N-V,花の慶次
e花の慶次～傾奇一転 L2-MX,花の慶次
花の慶次～天を穿つ戦槍～剛弓 NM,花の慶次
P花の慶次～裂 N2-VC,花の慶次
Lパチスロ花の慶次～佐渡攻めの章～ ER,花の慶次
花の慶次～天を穿つ戦槍～T,花の慶次
e花の慶次～傾奇一転 L2-MX 【LT】,花の慶次
P花の慶次～蓮 L16-V,花の慶次
P花の慶次～裂 N2-VC 【LT】,花の慶次
e花の慶次～裂一刀両断 DL2-MX,花の慶次
花の慶次～これより我ら修羅に入る～ Y,花の慶次
P花の慶次～裂 N3-VY,花の慶次
P真・花の慶次2 M3-VC,花の慶次
P花の慶次～蓮 M-V YT550,花の慶次
P真・花の慶次3 L12-K,花の慶次
花の慶次～天に愛されし漢～ W,花の慶次
P真・花の慶次3 N-K,花の慶次
PA真・花の慶次2 N2-X1,花の慶次
P花の慶次～傾奇一転 L-MX,花の慶次
P真・花の慶次3 TL5-MX,花の慶次
S花の慶次～武威～ EP,花の慶次
S花伝 M4,花伝
S花伝 M9-30,花伝
Pフィーバー真花月2 S,花月
PAフィーバー真花月2 Y,花月
Pツインループ花満開 XD,花満開
Pツインループ花満開 GLA,花満開
P花満開 月光 ZC,花満開
P花満開 月光 GCA,花満開
Pドラム花火の源さん HCB,花火の源さん
英雄伝説空の軌跡 J,英雄伝説空の軌跡
茉莉花の剣,茉莉花の剣
PA華牌RR with清水あいり V2,華牌
P華牌RRwith清水あいり V3【PB機】,華牌
P華牌R Y2F【設定④】,華牌
P華牌RRwith清水あいり V3 【PB】,華牌
P華牌R Y2F【設定⑤】,華牌
P華牌R Y2F【設定⑥】,華牌
P華牌R Y2F【設定②】,華牌
P華牌R Y2F,華牌
P華牌R Y2F【設定③】,華牌
萌えよ剣 今宵花散るTK,萌えよ剣
出番だ!葉月ちゃん EA,葉月ちゃん
蒼き鋼のアルペジオ アルスノヴァ2 /ZS,蒼き鋼のアルペジオ アルスノヴァ
蒼き鋼のアルペジオ アルス・ノヴァ /XA,蒼き鋼のアルペジオ アルス・ノヴァ
T蒼天の拳2 ZZ,蒼天の拳
e蒼天の拳 羅龍 SREN 【LT】,蒼天の拳
Sパチスロ蒼天の拳AC KA,蒼天の拳
S蒼天の拳AA ZB,蒼天の拳
P蒼天の拳天刻 GEA,蒼天の拳
Pデジハネ蒼天の拳双龍 GSB,蒼天の拳
P蒼天の拳双龍 SFG,蒼天の拳
パチスロ蒼天の拳,蒼天の拳
e蒼天の拳 羅龍 SREN,蒼天の拳
PA蒼穹のファフナー2 Y,蒼穹のファフナー
P蒼穹のファフナー 超蒼穹3800 A,蒼穹のファフナー
パチスロ 蒼穹のファフナーA,蒼穹のファフナー
P蒼穹のファフナー 超蒼穹 Y,蒼穹のファフナー
P蒼穹のファフナー2 A,蒼穹のファフナー
S蒼穹のファフナーEXODUS bA,蒼穹のファフナー
薄桜鬼蒼焔録 WV,薄桜鬼蒼焔録
P藤丸くん30min FF設定付,藤丸くん
P藤丸くん6000 FHX,藤丸くん
P藤丸くん30min4000 FGZ設定付,藤丸くん
S蛇喰夢子という女 NE,蛇喰夢子
蝶々乱舞,蝶々乱舞
パチスロ装甲騎兵ボトムズ,装甲騎兵ボトムズ
激闘!西遊記 KT,西遊記
パチスロ討鬼伝 N,討鬼伝
S課長熊田工作 GZA,課長熊田工作
PA豊丸ととある企業の最新作2 V1,豊丸ととある企業の最新作
P貞子3D2 S2G,貞子
P貞子 FMD,貞子
P貞子 FMD 【LT】,貞子
パチスロ貞子3D-Z,貞子
P貞子VS伽椰子 頂上決戦FUZ,貞子
貞子VS伽椰子 FSC,貞子
P貞子3D3 V1B,貞子
P貞子3D2 S2B,貞子
PA貞子VS伽椰子 頂上決戦FWA,貞子
賞金首2 /NE,賞金首
L賞金首Angel ND,賞金首
赤ドン雅,赤ドン
S超ギラギラ爺夏 SB2,超ギラギラ爺夏
L超華祭 PB,超華祭
超重神グラヴィオン,超重神グラヴィオン
P転生したらスライムだった件 NB,転生したらスライムだった件
Lパチスロ転生したらスライムだった件 CD,転生したらスライムだった件
逆転裁判 /ZW,逆転裁判
P新・遠山の金さん JQC,遠山の金さん
P新・遠山の金さん77Ver. JWZ,遠山の金さん
P遠山の金さん2 遠山桜と華の密偵 JUD,遠山の金さん
PA遠山の金さん2 遠山桜と華の密偵 JWD,遠山の金さん
P遠山の金さん2 遠山桜と華の密偵 JQA,遠山の金さん
PA野生の王国どらむサファリ N-K1 YT299,野生の王国
P野生の王国どらむサファリ S-K1 YT470,野生の王国
P野生の王国5 M2-T,野生の王国
PA野生の王国5 N-K,野生の王国
P野生の王国5 M2-K YT596C,野生の王国
P野生の王国5 M-T YT800,野生の王国
Pドラムだ！金ドン MP 【LT】,金ドン
Pドラムだ！金ドン MP,金ドン
必勝金閣寺物語,金閣寺物語
鉄のラインバレル C,鉄のラインバレル
Sパチスロ鉄拳5 DC,鉄拳
パチスロ鉄拳2 ZX,鉄拳
Sパチスロ鉄拳4デビルバージョン TCD,鉄拳
Sパチスロ鉄拳4デビルバージョン SLFF,鉄拳
P鉄拳3,鉄拳
パチスロ鉄拳3 EE,鉄拳
PA鉄拳3 Y,鉄拳
Sパチスロ鉄拳4 CC,鉄拳
パチスロ鉄拳3エンジェルバージョン /EE,鉄拳
パチスロ鉄拳2デビルVer.,鉄拳
パチスロ鉄拳伝タフ 2,鉄拳
パチスロ銀と金2 ZA,銀と金
パチスロ 銀と金,銀と金
P銀河英雄伝説 DNTL5-X,銀河英雄伝説
PA銀河英雄伝説 DNTN2-X,銀河英雄伝説
パチスロギンガテツドウ999S,銀河鉄道999
P銀河鉄道999 2 9YU1Y,銀河鉄道999
P銀河鉄道999 NJL0YU1Y,銀河鉄道999
P銀河鉄道999 2 H1AU6,銀河鉄道999
P銀河鉄道999 NJH1AZ3,銀河鉄道999
P銭形平次3 V2A,銭形
P銭形平次2 V2L,銭形
主役は銭形2 B5,銭形
P銭形平次2 V3B,銭形
L主役は銭形4 L1,銭形
P銭形平次3 V1K,銭形
S銭形3 H2,銭形
e閃乱カグラ LTM-JF 【LT】,閃乱カグラ
P閃乱カグラ2 V3A,閃乱カグラ
Lパチスロ閃乱カグラ2 L9,閃乱カグラ
e閃乱カグラ LTM-JF,閃乱カグラ
S閃乱カグラBURSTUP /L4,閃乱カグラ
パチスロ閃乱カグラ /JX,閃乱カグラ
P閃乱カグラ2 V2A,閃乱カグラ
闇芝居 /ND,闇芝居
P闘将覇伝 HSJ-W,闘将覇伝
L防振り FN,防振り
雀龍桜花Ｕ,雀龍桜花
S喰霊零 運命乱 JJ,零
PA喰霊-零- 葵上～あおいのうえ～ FW設定付【設定④】,零
PA喰霊-零- 葵上～あおいのうえ～ FW設定付,零
PA喰霊-零- 葵上～あおいのうえ～ FW設定付【設定③】,零
PA喰霊-零- 葵上～あおいのうえ～ FW設定付【設定②】,零
PA喰霊-零- 葵上～あおいのうえ～ FW設定付【設定⑥】,零
P喰霊-零-　葵上～あおいのうえ～FS,零
PA喰霊-零- 葵上～あおいのうえ～ FW設定付【設定⑤】,零
回胴覇王伝零 S,零
Sパチスロ零 YTFF,零
Sパチスロ青の祓魔師 L1,青の祓魔師
青ドン 花火の極（アオドンハナビノキワミ1）,青ドン
青ドン 花火の匠（アオドンハナビノタクミXX）,青ドン
Sパチスロ青鬼ver1.000 L4,青鬼
Pフィーバー革命機ヴァルヴレイヴ2 S,革命機ヴァルヴレイヴ
Pフィーバー革命機ヴァルヴレイヴ YR【設定④】,革命機ヴァルヴレイヴ
Pフィーバー革命機ヴァルヴレイヴ2 H,革命機ヴァルヴレイヴ
Pフィーバー革命機ヴァルヴレイヴ YR,革命機ヴァルヴレイヴ
Pフィーバー革命機ヴァルヴレイヴ YR【設定③】,革命機ヴァルヴレイヴ
Pフィーバー革命機ヴァルヴレイヴ3 R,革命機ヴァルヴレイヴ
Pフィーバー革命機ヴァルヴレイヴ YR【設定⑥】,革命機ヴァルヴレイヴ
Pフィーバー革命機ヴァルヴレイヴ W【設定⑥】,革命機ヴァルヴレイヴ
Pフィーバー革命機ヴァルヴレイヴ YR【設定②】,革命機ヴァルヴレイヴ
Pフィーバー革命機ヴァルヴレイヴ W【設定②】,革命機ヴァルヴレイヴ
Pフィーバー革命機ヴァルヴレイヴ W【設定⑤】,革命機ヴァルヴレイヴ
L革命機ヴァルヴレイヴ D,革命機ヴァルヴレイヴ
Pフィーバー革命機ヴァルヴレイヴ YR【設定⑤】,革命機ヴァルヴレイヴ
Pフィーバー革命機ヴァルヴレイヴ3 Y,革命機ヴァルヴレイヴ
Pフィーバー革命機ヴァルヴレイヴ2 F,革命機ヴァルヴレイヴ
Pフィーバー革命機ヴァルヴレイヴ W【設定③】,革命機ヴァルヴレイヴ
Pフィーバー革命機ヴァルヴレイヴ W【設定④】,革命機ヴァルヴレイヴ
Pフィーバー革命機ヴァルヴレイヴ W,革命機ヴァルヴレイヴ
頑固一徹,頑固一徹
Lスマスロ頭文字D 2nd YR,頭文字D
P頭文字D2 GFPG 【LT】,頭文字D
P頭文字D GRPE,頭文字D
P頭文字D SEJG,頭文字D
Sパチスロ頭文字D XR,頭文字D
P頭文字D2 GFPG,頭文字D
餓狼伝説☆双撃C,餓狼伝説
P yes!高須クリニック4500から青天Ⅵ,高須クリニック
P yes！高須クリニック CS2,高須クリニック
P yes!高須クリニック超整形 PINK1,高須クリニック
鬼の城 T,鬼の城
S新鬼武者2 ZC,鬼武者
新鬼武者 AW,鬼武者
Pぱちんこ新鬼武者2 S5,鬼武者
P新鬼武者 H1YZ3,鬼武者
PAぱちんこ新鬼武者ズバババ90 AI【設定⑤】,鬼武者
L / 鬼武者3 XA,鬼武者
新･鬼武者 Z,鬼武者
S新鬼武者 ZC,鬼武者
PAぱちんこ新鬼武者ズバババ90 AI【設定③】,鬼武者
PAぱちんこ新鬼武者ズバババ90 AI【設定②】,鬼武者
PAぱちんこ新鬼武者ズバババ90 AI【設定⑥】,鬼武者
L鬼武者3 XA,鬼武者
鬼武者3 時空天翔AS,鬼武者
Pぱちんこ新鬼武者ズバババ90 XX9,鬼武者
PAぱちんこ新鬼武者ズバババ90 AI,鬼武者
PAぱちんこ新鬼武者ズバババ90 AI【設定④】,鬼武者
P新鬼武者 9YU1,鬼武者
鬼浜外伝 ハヤト疾風伝,鬼浜外伝
魁!!男塾2 AS,魁!!男塾
SLOT魁!!男塾 BM,魁!!男塾
魂斗羅 TE,魂斗羅
P魔法先生ネギま!! ZZ-Y,魔法先生ネギま!!
P魔法少女まどか☆マギカ3 LM3 【LT】,魔法少女まどか☆マギカ
魔法少女まどか☆マギカ A,魔法少女まどか☆マギカ
SLOT魔法少女まどか☆マギカ AMA,魔法少女まどか☆マギカ
Pぱちんこ劇場版魔法少女まどか☆マギカ A5,魔法少女まどか☆マギカ
Pぱちんこ魔法少女まどか☆マギカ2 H5,魔法少女まどか☆マギカ
P魔法少女まどか☆マギカ3 LM3,魔法少女まどか☆マギカ
SLOT魔法少女まどか☆マギカ2 /MM,魔法少女まどか☆マギカ
マジカルスロット魔法少女隊アルス,魔法少女隊アルス
P魔王学院の不適合者 FMY,魔王学院の不適合者
P魔王学院の不適合者 FMY 【LT】,魔王学院の不適合者
鮪伝説,鮪伝説
P鳳凰∞ LM,鳳凰
P鳳凰∞2,鳳凰
Pゴールデン鳳凰∞～全突アクセルスペック～,鳳凰
PAゴールデン鳳凰∞ ,鳳凰
L麻雀格闘倶楽部 覚醒 KM,麻雀格闘倶楽部
S麻雀格闘倶楽部真 KS,麻雀格闘倶楽部
S麻雀格闘倶楽部3 KR,麻雀格闘倶楽部
麻雀格闘倶楽部 KK,麻雀格闘倶楽部
麻雀格闘倶楽部2 /KA,麻雀格闘倶楽部
S麻雀物語4 L2,麻雀物語
P麻雀物語4 7AR1Y,麻雀物語
麻雀物語3 役満乱舞の究極大戦G1,麻雀物語
麻雀物語2激闘!麻雀グランプリ Y,麻雀物語
P麻雀物語4 M1AU1Y,麻雀物語
P真黄門ちゃま H1AZ5,黄門ちゃま
P黄門ちゃま8 L9AZ1,黄門ちゃま
P真黄門ちゃま 9YU1Y,黄門ちゃま
S黄門ちゃま喝2 L1,黄門ちゃま
パチスロ黄門ちゃま喝 D1,黄門ちゃま
L黄門ちゃま天 L2,黄門ちゃま
ぱちすろ黄門ちゃまＡ,黄門ちゃま
Sパチスロ黄門ちゃまV 女神VER /LA6,黄門ちゃま
P真黄門ちゃま L9AW1,黄門ちゃま
パチスロ黄門ちゃまV /K2,黄門ちゃま
SパチスロKING黄門ちゃま L6,黄門ちゃま
パチスロ「黒ひげ危機一発」,黒ひげ危機一発
パチスロ黒神 /K2,黒神
龍が如く OF THE END ZA,龍が如く
龍虎の拳B,龍虎の拳
３×３EYES /A7,３×３EYES
